date,kickoff,league,country,round,home_team,away_team,hg_fh,hg_sh,ag_fh,ag_sh,ft_res,h2h,pm_home,pm_away,h_mp_0,h_mp_1,a_mp_0,a_mp_2,h_pos_0,h_pos_1,a_pos_0,a_pos_2,h_gsr_0,h_gcr_0,h_gsr_1,h_gcr_1,a_gsr_0,a_gcr_0,a_gsr_2,a_gcr_2,h_ppg_0,h_ppg_1,a_ppg_0,a_ppg_2,h_o15_1,h_o25_1,h_o35_1,h_gg_1,h_cs_1,h_fts_1,a_o15_2,a_o25_2,a_o35_2,a_gg_2,a_cs_2,a_fts_2,lg_mp,lw_hw,lg_draws,lg_aw,lg_avg_goals,lg_gsr_1,lg_gsr_2,lg_gsf_1,lg_gsf_2,lg_gg,lg_015,lg_025,lg_035,hw_odds,draw_odds,aw_odds,1x_odds,x2_odds,o15_odds,u15_odds,o25_odds,u25_odds,o35_odds,u35_odds,gg_yes_odds,gg_no_odds,hw_prima_prob,draw_prima_prob,aw_prima_prob,1x_prima_prob,x2_prima_prob,o15_prima_prob,u15_prima_prob,o25_prima_prob,u25_prima_prob,o35_prima_prob,u35_prima_prob,gg_yes_prima_prob,gg_no_prima_prob
2021-03-12,23:00:00,Primera,Peru,1,Binacional,Sp. Cristal,0,0,2,2,A,"""[{'date': datetime.date(2020, 11, 14), 'gf': 1, 'ga': 2, 'venue': 'hh'}, {'date': datetime.date(2020, 10, 18), 'gf': 3, 'ga': 6, 'venue': 'hh'}, {'date': datetime.date(2019, 11, 24), 'gf': 4, 'ga': 1, 'venue': 'hh'}, {'date': datetime.date(2019, 6, 8), 'gf': 1, 'ga': 3, 'venue': 'ha'}, {'date': datetime.date(2018, 11, 10), 'gf': 0, 'ga': 4, 'venue': 'ha'}, {'date': datetime.date(2018, 8, 18), 'gf': 1, 'ga': 1, 'venue': 'hh'}]""","""[]""","""[]""",,,,,,,,,,,,,,,,,,,,,,,,,,,,,,,,,,,,,,,,,,,,,,5.5,1.66,1.66,2.1,1.14,1.25,3.75,1.8,2.0,3.0,1.36,1.8,1.9,23,35,42,23,77,74,26,51,49,31,69,52,1.9
2021-03-12,20:30:00,Primera,Peru,1,Cienciano,UTC Cajamarca,1,0,0,0,H,"""[{'date': datetime.date(2020, 10, 31), 'gf': 1, 'ga': 1, 'venue': 'hh'}, {'date': datetime.date(2020, 9, 26), 'gf': 0, 'ga': 3, 'venue': 'ha'}, {'date': datetime.date(2015, 10, 16), 'gf': 0, 'ga': 0, 'venue': 'ha'}, {'date': datetime.date(2015, 7, 12), 'gf': 2, 'ga': 0, 'venue': 'hh'}, {'date': datetime.date(2014, 11, 12), 'gf': 1, 'ga': 1, 'venue': 'hh'}, {'date': datetime.date(2014, 8, 14), 'gf': 1, 'ga': 2, 'venue': 'ha'}, {'date': datetime.date(2014, 4, 12), 'gf': 0, 'ga': 1, 'venue': 'ha'}, {'date': datetime.date(2014, 2, 22), 'gf': 2, 'ga': 2, 'venue': 'hh'}, {'date': datetime.date(2013, 11, 2), 'gf': 0, 'ga': 1, 'venue': 'ha'}, {'date': datetime.date(2013, 9, 18), 'gf': 2, 'ga': 2, 'venue': 'hh'}, {'date': datetime.date(2013, 8, 18), 'gf': 3, 'ga': 1, 'venue': 'hh'}, {'date': datetime.date(2013, 5, 6), 'gf': 1, 'ga': 1, 'venue': 'ha'}]""","""[]""","""[]""",,,,,,,,,,,,,,,,,,,,,,,,,,,,,,,,,,,,,,,,,,,,,,2.3,3.2,3.2,1.36,1.57,1.33,3.25,2.1,1.7,3.75,1.25,1.8,1.9,35,33,32,55,45,68,32,44,56,24,76,50,1.9
2021-03-12,18:15:00,Primera,Peru,1,Dep. Municipal,Sport Huancayo,0,0,0,1,A,"""[{'date': datetime.date(2020, 10, 23), 'gf': 0, 'ga': 0, 'venue': 'hh'}, {'date': datetime.date(2020, 2, 16), 'gf': 1, 'ga': 1, 'venue': 'ha'}, {'date': datetime.date(2019, 9, 5), 'gf': 0, 'ga': 4, 'venue': 'ha'}, {'date': datetime.date(2019, 8, 24), 'gf': 2, 'ga': 4, 'venue': 'ha'}, {'date': datetime.date(2019, 6, 22), 'gf': 0, 'ga': 2, 'venue': 'ha'}, {'date': datetime.date(2019, 3, 10), 'gf': 2, 'ga': 2, 'venue': 'hh'}, {'date': datetime.date(2018, 11, 25), 'gf': 0, 'ga': 2, 'venue': 'ha'}, {'date': datetime.date(2018, 8, 26), 'gf': 1, 'ga': 0, 'venue': 'hh'}, {'date': datetime.date(2018, 4, 16), 'gf': 1, 'ga': 2, 'venue': 'ha'}, {'date': datetime.date(2018, 2, 28), 'gf': 2, 'ga': 3, 'venue': 'hh'}, {'date': datetime.date(2017, 10, 21), 'gf': 0, 'ga': 3, 'venue': 'ha'}, {'date': datetime.date(2017, 7, 8), 'gf': 2, 'ga': 1, 'venue': 'hh'}]""","""[]""","""[]""",,,,,,,,,,,,,,,,,,,,,,,,,,,,,,,,,,,,,,,,,,,,,,2.75,2.4,2.4,1.5,1.36,1.33,3.25,2.15,1.66,3.75,1.25,1.8,1.9,33,33,34,48,52,69,31,43,57,24,76,50,1.9
2021-03-13,16:00:00,Primera,Peru,1,Carlos Mannucci,Acad. Cantolao,1,1,0,0,H,"""[{'date': datetime.date(2020, 2, 23), 'gf': 0, 'ga': 1, 'venue': 'hh'}, {'date': datetime.date(2019, 11, 16), 'gf': 1, 'ga': 0, 'venue': 'ha'}, {'date': datetime.date(2019, 6, 1), 'gf': 1, 'ga': 2, 'venue': 'hh'}]""","""[]""","""[]""",0,0,0,0,3,3,3,3,0,0,0,0,0,0,0,0,0,0,0,0,0,0,0,0,0,0,0,0,0,0,0,0,2,50,0,50,1.0,0.5,0.5,50,50,0,0,0,0,1.95,3.6,3.6,1.28,1.8,1.28,3.5,1.95,1.85,3.25,1.33,1.72,2.0,38,33,29,64,36,73,27,49,51,29,71,52,2.0
2021-03-13,23:00:00,Primera,Peru,1,Sport Boys,Un. Cesar Vallejo,2,0,3,0,A,"""[{'date': datetime.date(2020, 11, 30), 'gf': 1, 'ga': 3, 'venue': 'ha'}, {'date': datetime.date(2020, 9, 17), 'gf': 0, 'ga': 2, 'venue': 'ha'}, {'date': datetime.date(2019, 8, 27), 'gf': 1, 'ga': 1, 'venue': 'hh'}, {'date': datetime.date(2019, 3, 9), 'gf': 0, 'ga': 1, 'venue': 'ha'}, {'date': datetime.date(2017, 11, 26), 'gf': 1, 'ga': 1, 'venue': 'ha'}, {'date': datetime.date(2017, 10, 15), 'gf': 1, 'ga': 1, 'venue': 'ha'}, {'date': datetime.date(2017, 6, 25), 'gf': 0, 'ga': 0, 'venue': 'hh'}, {'date': datetime.date(2012, 11, 1), 'gf': 0, 'ga': 1, 'venue': 'ha'}, {'date': datetime.date(2012, 9, 1), 'gf': 1, 'ga': 1, 'venue': 'hh'}, {'date': datetime.date(2012, 7, 25), 'gf': 2, 'ga': 2, 'venue': 'ha'}, {'date': datetime.date(2012, 5, 3), 'gf': 3, 'ga': 0, 'venue': 'hh'}, {'date': datetime.date(2011, 9, 10), 'gf': 2, 'ga': 1, 'venue': 'ha'}]""","""[]""","""[]""",0,0,0,0,3,3,3,3,0,0,0,0,0,0,0,0,0,0,0,0,0,0,0,0,0,0,0,0,0,0,0,0,2,50,0,50,1.0,0.5,0.5,50,50,0,0,0,0,3.2,2.15,2.15,1.66,1.36,1.36,3.0,2.35,1.57,3.75,1.25,1.83,1.83,30,33,37,39,61,65,35,40,60,21,79,46,1.83
2021-03-13,20:30:00,Primera,Peru,1,Un. de Deportes,Melgar Arequipa,1,0,0,1,D,"""[{'date': datetime.date(2020, 1, 31), 'gf': 2, 'ga': 1, 'venue': 'ha'}, {'date': datetime.date(2019, 9, 1), 'gf': 2, 'ga': 1, 'venue': 'hh'}, {'date': datetime.date(2019, 3, 17), 'gf': 1, 'ga': 2, 'venue': 'ha'}, {'date': datetime.date(2018, 9, 2), 'gf': 1, 'ga': 2, 'venue': 'ha'}, {'date': datetime.date(2018, 5, 20), 'gf': 1, 'ga': 1, 'venue': 'hh'}, {'date': datetime.date(2017, 10, 28), 'gf': 0, 'ga': 2, 'venue': 'ha'}, {'date': datetime.date(2017, 7, 23), 'gf': 2, 'ga': 1, 'venue': 'hh'}, {'date': datetime.date(2016, 12, 4), 'gf': 2, 'ga': 2, 'venue': 'ha'}, {'date': datetime.date(2016, 12, 1), 'gf': 1, 'ga': 2, 'venue': 'hh'}, {'date': datetime.date(2016, 6, 30), 'gf': 2, 'ga': 5, 'venue': 'ha'}, {'date': datetime.date(2016, 5, 6), 'gf': 1, 'ga': 3, 'venue': 'hh'}, {'date': datetime.date(2015, 9, 27), 'gf': 0, 'ga': 2, 'venue': 'ha'}]""","""[]""","""[]""",0,0,0,0,3,3,3,3,0,0,0,0,0,0,0,0,0,0,0,0,0,0,0,0,0,0,0,0,0,0,0,0,2,50,0,50,1.0,0.5,0.5,50,50,0,0,0,0,2.1,3.75,3.75,1.25,1.66,1.3,3.4,2.05,1.75,3.4,1.3,1.72,2.0,37,35,28,63,37,71,29,46,54,27,73,52,2.0
2021-03-15,20:30:00,Primera,Peru,1,Alianza Huanuco,Cusco,0,1,0,0,H,"""[{'date': datetime.date(2020, 9, 23), 'gf': 1, 'ga': 0, 'venue': 'hh'}, {'date': datetime.date(2019, 9, 2), 'gf': 1, 'ga': 0, 'venue': 'ha'}, {'date': datetime.date(2019, 3, 17), 'gf': 2, 'ga': 1, 'venue': 'hh'}]""","""[]""","""[]""",0,0,0,0,7,7,7,7,0,0,0,0,0,0,0,0,0,0,0,0,0,0,0,0,0,0,0,0,0,0,0,0,6,33,17,50,2.5,1.0,1.5,67,67,33,67,33,33,2.7,2.6,2.6,1.5,1.44,1.33,3.25,2.1,1.7,3.75,1.25,1.83,1.83,32,34,34,46,54,22,78,11,89,15,85,11,1.83
2021-04-07,21:30:00,Primera,Peru,1,Ayacucho,Un. San Martin,1,1,2,0,D,"""[{'date': datetime.date(2020, 2, 2), 'gf': 1, 'ga': 3, 'venue': 'ha'}, {'date': datetime.date(2019, 11, 24), 'gf': 0, 'ga': 0, 'venue': 'ha'}, {'date': datetime.date(2019, 6, 10), 'gf': 5, 'ga': 0, 'venue': 'hh'}, {'date': datetime.date(2018, 9, 26), 'gf': 3, 'ga': 1, 'venue': 'ha'}, {'date': datetime.date(2018, 6, 7), 'gf': 1, 'ga': 1, 'venue': 'hh'}, {'date': datetime.date(2018, 3, 13), 'gf': 1, 'ga': 1, 'venue': 'hh'}, {'date': datetime.date(2018, 2, 4), 'gf': 0, 'ga': 4, 'venue': 'ha'}, {'date': datetime.date(2017, 9, 9), 'gf': 3, 'ga': 0, 'venue': 'hh'}, {'date': datetime.date(2017, 6, 2), 'gf': 1, 'ga': 1, 'venue': 'ha'}, {'date': datetime.date(2017, 5, 13), 'gf': 0, 'ga': 2, 'venue': 'ha'}, {'date': datetime.date(2017, 3, 7), 'gf': 3, 'ga': 0, 'venue': 'hh'}, {'date': datetime.date(2016, 10, 22), 'gf': 2, 'ga': 2, 'venue': 'hh'}]""","""[]""","""[]""",2,1,2,1,4,4,5,14,3.0,0.0,3.0,0.0,1.0,1.5,0.0,2.0,3.0,3.0,1.5,0.0,1,1,0,0,1,0,1,0,0,0,1,0,23,57,17,26,2.7,1.52,1.17,78,57,35,70,57,35,2.9,2.25,2.25,1.57,1.4,1.3,3.4,2.0,1.8,3.5,1.28,1.8,1.9,33,31,36,44,56,89,11,68,32,15,85,28,1.9
2021-05-12,21:30:00,Primera,Peru,1,Alianza Atl.,Alianza Lima,0,0,0,0,D,"""[{'date': datetime.date(2017, 10, 29), 'gf': 0, 'ga': 3, 'venue': 'ha'}, {'date': datetime.date(2017, 7, 23), 'gf': 1, 'ga': 0, 'venue': 'hh'}, {'date': datetime.date(2016, 11, 20), 'gf': 4, 'ga': 0, 'venue': 'hh'}, {'date': datetime.date(2016, 9, 25), 'gf': 0, 'ga': 0, 'venue': 'ha'}, {'date': datetime.date(2016, 5, 15), 'gf': 0, 'ga': 1, 'venue': 'hh'}, {'date': datetime.date(2016, 2, 7), 'gf': 1, 'ga': 2, 'venue': 'ha'}, {'date': datetime.date(2015, 10, 22), 'gf': 2, 'ga': 4, 'venue': 'ha'}, {'date': datetime.date(2015, 7, 16), 'gf': 0, 'ga': 1, 'venue': 'hh'}, {'date': datetime.date(2011, 8, 7), 'gf': 0, 'ga': 2, 'venue': 'hh'}, {'date': datetime.date(2011, 2, 19), 'gf': 0, 'ga': 1, 'venue': 'ha'}, {'date': datetime.date(2010, 6, 6), 'gf': 1, 'ga': 1, 'venue': 'hh'}, {'date': datetime.date(2010, 2, 21), 'gf': 0, 'ga': 3, 'venue': 'ha'}]""","""[]""","""[]""",6,2,6,2,7,18,5,13,1.33,1.33,0.5,1.5,1.33,1.0,0.5,1.0,1.0,0.0,1.5,0.5,1,1,0,1,0,1,1,1,0,1,1,1,62,45,24,31,2.6,1.39,1.21,74,71,50,68,52,32,4.0,1.83,1.83,1.83,1.22,1.25,3.75,1.88,1.93,3.25,1.33,1.72,2.0,29,39,32,48,52,63,37,52,48,31,69,52,2.0
2021-03-19,20:00:00,Primera,Peru,2,Acad. Cantolao,Un. de Deportes,2,1,0,1,H,"""[{'date': datetime.date(2020, 11, 6), 'gf': 2, 'ga': 2, 'venue': 'hh'}, {'date': datetime.date(2020, 8, 8), 'gf': 0, 'ga': 0, 'venue': 'hh'}, {'date': datetime.date(2019, 10, 27), 'gf': 1, 'ga': 1, 'venue': 'ha'}, {'date': datetime.date(2019, 5, 11), 'gf': 1, 'ga': 0, 'venue': 'hh'}, {'date': datetime.date(2018, 9, 16), 'gf': 2, 'ga': 0, 'venue': 'hh'}, {'date': datetime.date(2018, 6, 1), 'gf': 2, 'ga': 2, 'venue': 'ha'}, {'date': datetime.date(2017, 12, 3), 'gf': 1, 'ga': 0, 'venue': 'hh'}, {'date': datetime.date(2017, 8, 14), 'gf': 1, 'ga': 2, 'venue': 'ha'}]""","""[]""","""[]""",1,0,1,0,6,8,3,8,0.0,2.0,0,0,1.0,1.0,0,0,0.0,0,1.0,0,0,0,0,0,0,0,0,0,0,0,0,0,7,43,14,43,2.29,1.0,1.29,71,57,29,57,29,29,4.5,1.66,1.66,2.0,1.16,1.3,3.4,2.0,1.8,3.4,1.3,1.83,1.83,25,35,40,27,73,83,17,8,92,15,85,41,1.83
2021-03-19,23:00:00,Primera,Peru,2,Sp. Cristal,Sport Boys,0,1,0,0,H,"""[{'date': datetime.date(2020, 8, 18), 'gf': 4, 'ga': 1, 'venue': 'ha'}, {'date': datetime.date(2019, 8, 18), 'gf': 4, 'ga': 2, 'venue': 'hh'}, {'date': datetime.date(2019, 8, 13), 'gf': 2, 'ga': 2, 'venue': 'ha'}, {'date': datetime.date(2019, 3, 3), 'gf': 3, 'ga': 0, 'venue': 'ha'}, {'date': datetime.date(2018, 9, 1), 'gf': 4, 'ga': 0, 'venue': 'hh'}, {'date': datetime.date(2018, 5, 20), 'gf': 1, 'ga': 1, 'venue': 'ha'}, {'date': datetime.date(2012, 6, 23), 'gf': 3, 'ga': 1, 'venue': 'hh'}, {'date': datetime.date(2012, 3, 4), 'gf': 5, 'ga': 0, 'venue': 'ha'}, {'date': datetime.date(2011, 8, 7), 'gf': 3, 'ga': 0, 'venue': 'hh'}, {'date': datetime.date(2011, 2, 20), 'gf': 1, 'ga': 0, 'venue': 'ha'}, {'date': datetime.date(2010, 7, 4), 'gf': 1, 'ga': 1, 'venue': 'hh'}, {'date': datetime.date(2010, 3, 27), 'gf': 2, 'ga': 1, 'venue': 'ha'}]""","""[]""","""[]""",1,0,1,0,1,8,5,8,4.0,0.0,0,0,2.0,3.0,0,0,3.0,0,0.0,0,0,0,0,0,0,0,0,0,0,0,0,0,7,43,14,43,2.29,1.0,1.29,71,57,29,57,29,29,1.3,9.0,9.0,1.06,3.25,1.16,5.0,1.57,2.35,2.37,1.53,1.83,1.83,45,35,20,86,14,83,17,75,25,75,25,41,1.83
2021-03-20,20:30:00,Primera,Peru,2,Cusco,Cienciano,1,1,1,1,D,"""[{'date': datetime.date(2020, 9, 19), 'gf': 2, 'ga': 3, 'venue': 'hh'}, {'date': datetime.date(2019, 6, 21), 'gf': 2, 'ga': 1, 'venue': 'ha'}, {'date': datetime.date(2015, 9, 13), 'gf': 1, 'ga': 1, 'venue': 'hh'}, {'date': datetime.date(2015, 5, 10), 'gf': 1, 'ga': 1, 'venue': 'ha'}, {'date': datetime.date(2014, 9, 27), 'gf': 0, 'ga': 2, 'venue': 'hh'}, {'date': datetime.date(2014, 6, 28), 'gf': 0, 'ga': 2, 'venue': 'ha'}, {'date': datetime.date(2014, 2, 5), 'gf': 2, 'ga': 2, 'venue': 'ha'}, {'date': datetime.date(2013, 7, 31), 'gf': 2, 'ga': 2, 'venue': 'hh'}, {'date': datetime.date(2013, 2, 17), 'gf': 1, 'ga': 0, 'venue': 'ha'}, {'date': datetime.date(2012, 7, 1), 'gf': 0, 'ga': 2, 'venue': 'ha'}, {'date': datetime.date(2012, 3, 18), 'gf': 1, 'ga': 0, 'venue': 'hh'}]""","""[]""","""[]""",1,0,1,0,6,9,2,9,0.0,1.0,0,0,1.0,0.0,0,0,0.0,0,3.0,0,0,0,0,0,0,0,0,0,0,0,0,0,8,50,12,38,2.5,1.25,1.25,75,62,38,62,38,38,2.55,2.55,2.55,1.5,1.5,1.3,3.4,1.95,1.85,3.4,1.3,1.72,2.0,34,31,35,47,53,18,82,11,89,15,85,11,2.0
2021-03-20,18:15:00,Primera,Peru,2,Un. San Martin,Alianza Atl.,1,1,0,1,H,"""[{'date': datetime.date(2017, 10, 21), 'gf': 4, 'ga': 1, 'venue': 'hh'}, {'date': datetime.date(2017, 7, 8), 'gf': 2, 'ga': 0, 'venue': 'ha'}, {'date': datetime.date(2017, 4, 9), 'gf': 2, 'ga': 2, 'venue': 'ha'}, {'date': datetime.date(2017, 2, 4), 'gf': 0, 'ga': 1, 'venue': 'hh'}, {'date': datetime.date(2016, 11, 2), 'gf': 3, 'ga': 1, 'venue': 'hh'}, {'date': datetime.date(2016, 9, 18), 'gf': 3, 'ga': 2, 'venue': 'ha'}, {'date': datetime.date(2016, 5, 27), 'gf': 2, 'ga': 1, 'venue': 'hh'}, {'date': datetime.date(2016, 2, 21), 'gf': 0, 'ga': 3, 'venue': 'ha'}, {'date': datetime.date(2015, 11, 4), 'gf': 2, 'ga': 1, 'venue': 'hh'}, {'date': datetime.date(2015, 8, 3), 'gf': 0, 'ga': 2, 'venue': 'ha'}, {'date': datetime.date(2011, 11, 5), 'gf': 4, 'ga': 0, 'venue': 'hh'}, {'date': datetime.date(2011, 5, 12), 'gf': 2, 'ga': 1, 'venue': 'ha'}]""","""[]""","""[]""",0,0,0,0,7,9,7,9,0,0,0,0,0,0,0,0,0,0,0,0,0,0,0,0,0,0,0,0,0,0,0,0,8,50,12,38,2.5,1.25,1.25,75,62,38,62,38,38,2.1,3.0,3.0,1.33,1.61,1.36,3.0,2.1,1.7,3.75,1.25,1.83,1.83,37,32,31,59,41,18,82,11,89,15,85,11,1.83
2021-03-22,16:00:00,Primera,Peru,2,Sport Huancayo,Binacional,3,0,0,0,H,"""[{'date': datetime.date(2020, 10, 13), 'gf': 1, 'ga': 0, 'venue': 'hh'}, {'date': datetime.date(2019, 11, 2), 'gf': 0, 'ga': 0, 'venue': 'hh'}, {'date': datetime.date(2019, 5, 17), 'gf': 3, 'ga': 1, 'venue': 'ha'}, {'date': datetime.date(2018, 10, 28), 'gf': 0, 'ga': 0, 'venue': 'ha'}, {'date': datetime.date(2018, 7, 31), 'gf': 1, 'ga': 2, 'venue': 'hh'}, {'date': datetime.date(2018, 4, 10), 'gf': 2, 'ga': 2, 'venue': 'hh'}, {'date': datetime.date(2018, 2, 20), 'gf': 2, 'ga': 2, 'venue': 'ha'}]""","""[]""","""[]""",1,0,1,0,3,12,8,12,1.0,0.0,0,0,0.0,4.0,0,0,3.0,0,0.0,0,0,0,0,0,0,0,0,0,0,0,0,0,11,55,18,27,2.55,1.36,1.18,82,64,45,64,45,36,1.8,4.5,4.5,1.16,1.83,1.28,3.5,1.95,1.85,3.25,1.33,1.8,1.9,40,33,27,70,30,52,48,47,53,44,56,13,1.9
2021-03-22,18:15:00,Primera,Peru,2,Un. Cesar Vallejo,Alianza Huanuco,0,0,1,0,A,"""[{'date': datetime.date(2020, 10, 9), 'gf': 0, 'ga': 0, 'venue': 'ha'}, {'date': datetime.date(2019, 11, 24), 'gf': 1, 'ga': 0, 'venue': 'ha'}, {'date': datetime.date(2019, 6, 8), 'gf': 1, 'ga': 0, 'venue': 'hh'}]""","""[]""","""[]""",1,0,1,0,2,12,3,12,3.0,2.0,0,0,1.0,0.0,0,0,3.0,0,3.0,0,0,0,0,0,0,0,0,0,0,0,0,0,11,55,18,27,2.55,1.36,1.18,82,64,45,64,45,36,2.0,3.6,3.6,1.25,1.66,1.36,3.0,2.2,1.65,4.0,1.22,1.9,1.8,38,34,28,65,35,52,48,47,53,44,56,47,1.8
2021-03-22,20:30:00,Primera,Peru,2,UTC Cajamarca,Carlos Mannucci,1,1,0,2,D,"""[{'date': datetime.date(2020, 10, 16), 'gf': 2, 'ga': 2, 'venue': 'hh'}, {'date': datetime.date(2019, 7, 20), 'gf': 1, 'ga': 2, 'venue': 'ha'}, {'date': datetime.date(2019, 2, 22), 'gf': 0, 'ga': 0, 'venue': 'hh'}]""","""[]""","""[]""",1,0,1,0,8,12,2,12,0.0,1.0,0,0,2.0,0.0,0,0,0.0,0,3.0,0,0,0,0,0,0,0,0,0,0,0,0,0,11,55,18,27,2.55,1.36,1.18,82,64,45,64,45,36,2.5,2.6,2.6,1.5,1.5,1.33,3.25,2.07,1.72,3.75,1.25,1.83,1.83,34,32,34,49,51,52,48,13,87,15,85,13,1.83
2021-04-06,21:30:00,Primera,Peru,2,Alianza Lima,Dep. Municipal,0,1,0,0,H,"""[{'date': datetime.date(2020, 10, 30), 'gf': 1, 'ga': 2, 'venue': 'hh'}, {'date': datetime.date(2020, 2, 29), 'gf': 1, 'ga': 0, 'venue': 'hh'}, {'date': datetime.date(2019, 9, 1), 'gf': 2, 'ga': 2, 'venue': 'ha'}, {'date': datetime.date(2019, 3, 17), 'gf': 2, 'ga': 2, 'venue': 'hh'}, {'date': datetime.date(2018, 10, 8), 'gf': 0, 'ga': 1, 'venue': 'ha'}, {'date': datetime.date(2018, 6, 6), 'gf': 3, 'ga': 1, 'venue': 'hh'}, {'date': datetime.date(2017, 11, 26), 'gf': 1, 'ga': 0, 'venue': 'hh'}, {'date': datetime.date(2017, 7, 30), 'gf': 2, 'ga': 0, 'venue': 'ha'}, {'date': datetime.date(2017, 4, 23), 'gf': 0, 'ga': 2, 'venue': 'ha'}, {'date': datetime.date(2017, 2, 19), 'gf': 2, 'ga': 2, 'venue': 'hh'}, {'date': datetime.date(2016, 5, 19), 'gf': 1, 'ga': 1, 'venue': 'hh'}, {'date': datetime.date(2016, 2, 10), 'gf': 2, 'ga': 1, 'venue': 'ha'}]""","""[]""","""[]""",2,1,2,0,7,11,8,16,2.0,2.0,2.0,2.0,0.0,2.5,0,0,1.0,1.0,0.0,0,1,1,1,1,0,0,0,0,0,0,0,0,22,55,18,27,2.77,1.55,1.23,77,59,36,73,59,36,2.0,3.5,3.5,1.28,1.72,1.3,3.4,2.0,1.8,3.4,1.3,1.72,2.0,40,33,27,71,29,74,26,69,31,62,38,45,2.0
2021-04-12,21:30:00,Primera,Peru,2,Melgar Arequipa,Ayacucho,0,0,0,0,D,"""[{'date': datetime.date(2020, 10, 31), 'gf': 0, 'ga': 2, 'venue': 'ha'}, {'date': datetime.date(2020, 10, 5), 'gf': 0, 'ga': 0, 'venue': 'hh'}, {'date': datetime.date(2019, 7, 21), 'gf': 3, 'ga': 0, 'venue': 'hh'}, {'date': datetime.date(2019, 2, 23), 'gf': 1, 'ga': 1, 'venue': 'ha'}, {'date': datetime.date(2018, 9, 11), 'gf': 0, 'ga': 0, 'venue': 'ha'}, {'date': datetime.date(2018, 5, 26), 'gf': 3, 'ga': 0, 'venue': 'hh'}, {'date': datetime.date(2017, 9, 23), 'gf': 2, 'ga': 0, 'venue': 'hh'}, {'date': datetime.date(2017, 6, 18), 'gf': 2, 'ga': 1, 'venue': 'ha'}, {'date': datetime.date(2017, 5, 11), 'gf': 2, 'ga': 2, 'venue': 'hh'}, {'date': datetime.date(2017, 2, 11), 'gf': 3, 'ga': 1, 'venue': 'ha'}, {'date': datetime.date(2016, 5, 23), 'gf': 2, 'ga': 0, 'venue': 'hh'}, {'date': datetime.date(2016, 2, 13), 'gf': 3, 'ga': 0, 'venue': 'ha'}]""","""[]""","""[]""",2,1,2,0,4,5,3,17,2.0,0.5,3.0,0.0,2.5,1.0,0,0,2.0,3.0,2.0,0,1,1,0,0,1,0,0,0,0,0,0,0,24,54,21,25,2.75,1.54,1.21,79,58,38,71,58,38,1.36,7.5,7.5,1.1,3.0,1.25,3.75,1.75,2.05,2.75,1.4,2.0,1.72,44,34,22,84,16,90,10,69,31,29,71,45,1.72
2021-03-27,23:00:00,Primera,Peru,3,Carlos Mannucci,Un. San Martin,1,1,0,0,H,"""[{'date': datetime.date(2020, 3, 1), 'gf': 2, 'ga': 2, 'venue': 'ha'}, {'date': datetime.date(2019, 9, 7), 'gf': 1, 'ga': 0, 'venue': 'hh'}, {'date': datetime.date(2019, 3, 24), 'gf': 0, 'ga': 1, 'venue': 'ha'}]""","""[]""","""[]""",1,1,1,0,1,3,3,15,2.0,1.0,2.0,0.0,2.0,1.0,0,0,2.0,3.0,3.0,0,1,0,0,0,1,0,0,0,0,0,0,0,14,50,21,29,2.57,1.43,1.14,79,64,43,64,50,36,2.1,3.2,3.2,1.33,1.61,1.36,3.0,2.15,1.66,3.75,1.25,1.83,1.83,37,33,30,60,40,88,12,66,34,28,72,64,1.83
2021-03-27,16:00:00,Primera,Peru,3,Cienciano,Alianza Atl.,1,0,0,0,H,"""[{'date': datetime.date(2015, 10, 4), 'gf': 2, 'ga': 0, 'venue': 'hh'}, {'date': datetime.date(2015, 7, 4), 'gf': 2, 'ga': 3, 'venue': 'ha'}, {'date': datetime.date(2011, 8, 26), 'gf': 1, 'ga': 3, 'venue': 'ha'}, {'date': datetime.date(2011, 3, 13), 'gf': 4, 'ga': 0, 'venue': 'hh'}, {'date': datetime.date(2010, 12, 5), 'gf': 2, 'ga': 1, 'venue': 'hh'}, {'date': datetime.date(2010, 10, 28), 'gf': 0, 'ga': 2, 'venue': 'ha'}, {'date': datetime.date(2010, 5, 30), 'gf': 0, 'ga': 0, 'venue': 'hh'}, {'date': datetime.date(2010, 2, 13), 'gf': 1, 'ga': 2, 'venue': 'ha'}, {'date': datetime.date(2009, 11, 21), 'gf': 0, 'ga': 2, 'venue': 'ha'}, {'date': datetime.date(2009, 10, 4), 'gf': 1, 'ga': 0, 'venue': 'hh'}, {'date': datetime.date(2009, 8, 9), 'gf': 1, 'ga': 1, 'venue': 'ha'}, {'date': datetime.date(2009, 5, 3), 'gf': 3, 'ga': 0, 'venue': 'hh'}]""","""[]""","""[]""",1,1,1,1,2,5,8,8,1.5,1.0,1.0,0.0,1.0,2.0,1.0,2.0,2.0,3.0,0.0,0.0,0,0,0,0,1,0,1,1,0,1,0,0,14,50,21,29,2.57,1.43,1.14,79,64,43,64,50,36,1.9,3.6,3.6,1.25,1.72,1.33,3.25,2.05,1.75,3.5,1.28,1.83,1.83,64,14,22,74,26,54,46,50,50,28,72,47,1.83
2021-03-27,18:15:00,Primera,Peru,3,Melgar Arequipa,Acad. Cantolao,1,2,0,0,H,"""[{'date': datetime.date(2020, 9, 12), 'gf': 2, 'ga': 0, 'venue': 'ha'}, {'date': datetime.date(2019, 11, 24), 'gf': 4, 'ga': 2, 'venue': 'hh'}, {'date': datetime.date(2019, 6, 9), 'gf': 5, 'ga': 1, 'venue': 'ha'}, {'date': datetime.date(2018, 11, 11), 'gf': 0, 'ga': 1, 'venue': 'hh'}, {'date': datetime.date(2018, 8, 19), 'gf': 1, 'ga': 1, 'venue': 'ha'}, {'date': datetime.date(2018, 4, 15), 'gf': 2, 'ga': 1, 'venue': 'ha'}, {'date': datetime.date(2018, 3, 1), 'gf': 0, 'ga': 0, 'venue': 'hh'}, {'date': datetime.date(2017, 10, 21), 'gf': 5, 'ga': 0, 'venue': 'hh'}, {'date': datetime.date(2017, 7, 9), 'gf': 0, 'ga': 0, 'venue': 'ha'}, {'date': datetime.date(2017, 3, 18), 'gf': 1, 'ga': 1, 'venue': 'ha'}, {'date': datetime.date(2017, 2, 5), 'gf': 0, 'ga': 0, 'venue': 'hh'}]""","""[]""","""[]""",2,0,2,1,5,15,4,13,1.0,1.0,0,0,1.5,1.5,0.0,2.0,1.0,0,1.5,0.0,0,0,0,0,0,0,1,0,0,0,1,0,14,50,21,29,2.57,1.43,1.14,79,64,43,64,50,36,1.6,5.0,5.0,1.16,2.25,1.28,3.5,2.0,1.8,3.4,1.3,1.9,1.8,42,33,25,76,24,88,12,33,67,28,72,64,1.8
2021-03-29,21:30:00,Primera,Peru,3,Alianza Huanuco,Sp. Cristal,0,0,0,3,A,"""[{'date': datetime.date(2020, 11, 10), 'gf': 0, 'ga': 2, 'venue': 'ha'}, {'date': datetime.date(2020, 9, 20), 'gf': 1, 'ga': 2, 'venue': 'ha'}, {'date': datetime.date(2019, 11, 17), 'gf': 1, 'ga': 2, 'venue': 'ha'}, {'date': datetime.date(2019, 6, 2), 'gf': 1, 'ga': 1, 'venue': 'hh'}]""","""[]""","""[]""",2,1,2,1,3,7,1,1,1.0,0.0,1.0,0.0,2.5,0.0,4.0,0.0,3.0,3.0,3.0,3.0,0,0,0,0,1,0,1,1,1,0,0,1,17,59,18,24,2.47,1.53,0.94,82,53,35,65,47,29,7.5,1.4,1.4,2.62,1.08,1.25,3.75,1.85,1.95,3.25,1.33,2.1,1.66,21,35,44,16,84,38,62,32,68,26,74,11,1.66
2021-03-29,19:15:00,Primera,Peru,3,Sport Boys,Binacional,2,1,0,2,H,"""[{'date': datetime.date(2020, 3, 9), 'gf': 1, 'ga': 3, 'venue': 'ha'}, {'date': datetime.date(2019, 11, 17), 'gf': 2, 'ga': 1, 'venue': 'hh'}, {'date': datetime.date(2019, 6, 1), 'gf': 0, 'ga': 2, 'venue': 'ha'}, {'date': datetime.date(2018, 11, 7), 'gf': 1, 'ga': 2, 'venue': 'ha'}, {'date': datetime.date(2018, 8, 14), 'gf': 1, 'ga': 0, 'venue': 'hh'}, {'date': datetime.date(2018, 4, 17), 'gf': 1, 'ga': 2, 'venue': 'ha'}, {'date': datetime.date(2018, 2, 28), 'gf': 0, 'ga': 1, 'venue': 'hh'}]""","""[]""","""[]""",2,1,2,1,7,12,8,14,1.0,2.0,2.0,3.0,0.0,3.5,0.0,3.0,0.0,0.0,0.0,0.0,1,1,1,1,0,0,1,1,0,0,1,0,17,59,18,24,2.47,1.53,0.94,82,53,35,65,47,29,2.0,3.4,3.4,1.28,1.66,1.25,3.75,1.95,1.85,3.25,1.33,1.72,2.0,37,33,30,61,39,71,29,65,35,43,57,28,2.0
2021-03-30,21:30:00,Primera,Peru,3,Alianza Lima,Cusco,1,1,1,1,D,"""[{'date': datetime.date(2020, 11, 16), 'gf': 0, 'ga': 1, 'venue': 'ha'}, {'date': datetime.date(2020, 8, 29), 'gf': 0, 'ga': 0, 'venue': 'hh'}, {'date': datetime.date(2019, 9, 22), 'gf': 1, 'ga': 0, 'venue': 'hh'}, {'date': datetime.date(2019, 4, 7), 'gf': 1, 'ga': 2, 'venue': 'ha'}, {'date': datetime.date(2018, 9, 30), 'gf': 1, 'ga': 0, 'venue': 'hh'}, {'date': datetime.date(2018, 6, 10), 'gf': 0, 'ga': 2, 'venue': 'ha'}, {'date': datetime.date(2017, 8, 20), 'gf': 1, 'ga': 4, 'venue': 'ha'}, {'date': datetime.date(2017, 5, 28), 'gf': 2, 'ga': 0, 'venue': 'hh'}, {'date': datetime.date(2017, 5, 7), 'gf': 2, 'ga': 0, 'venue': 'hh'}, {'date': datetime.date(2017, 3, 5), 'gf': 1, 'ga': 2, 'venue': 'ha'}, {'date': datetime.date(2016, 8, 7), 'gf': 0, 'ga': 1, 'venue': 'ha'}, {'date': datetime.date(2016, 5, 1), 'gf': 2, 'ga': 1, 'venue': 'hh'}]""","""[]""","""[]""",2,0,2,1,9,16,6,8,0,0,0,0,1.0,1.5,0.0,1.0,0,0,0.5,0.0,0,0,0,0,0,0,0,0,0,0,1,0,19,58,16,26,2.63,1.53,1.11,79,58,37,68,53,32,2.1,3.4,3.4,1.3,1.66,1.28,3.5,1.95,1.85,3.25,1.33,1.66,2.1,37,33,30,60,40,39,61,34,66,27,73,28,2.1
2021-03-30,00:00:00,Primera,Peru,3,Dep. Municipal,Un. Cesar Vallejo,0,0,0,4,A,"""[{'date': datetime.date(2020, 11, 21), 'gf': 1, 'ga': 0, 'venue': 'ha'}, {'date': datetime.date(2020, 2, 2), 'gf': 1, 'ga': 1, 'venue': 'ha'}, {'date': datetime.date(2019, 9, 21), 'gf': 1, 'ga': 3, 'venue': 'ha'}, {'date': datetime.date(2019, 4, 7), 'gf': 1, 'ga': 0, 'venue': 'hh'}, {'date': datetime.date(2016, 11, 4), 'gf': 0, 'ga': 3, 'venue': 'ha'}, {'date': datetime.date(2016, 9, 17), 'gf': 2, 'ga': 1, 'venue': 'hh'}, {'date': datetime.date(2016, 8, 14), 'gf': 2, 'ga': 2, 'venue': 'ha'}, {'date': datetime.date(2016, 5, 7), 'gf': 2, 'ga': 0, 'venue': 'hh'}, {'date': datetime.date(2015, 8, 30), 'gf': 0, 'ga': 1, 'venue': 'ha'}, {'date': datetime.date(2015, 5, 2), 'gf': 1, 'ga': 0, 'venue': 'hh'}]""","""[]""","""[]""",2,1,2,1,7,13,4,2,0.0,1.0,0.0,1.0,1.5,1.5,3.0,2.0,0.0,0.0,1.5,3.0,0,0,0,0,0,1,1,1,1,1,0,0,19,58,16,26,2.63,1.53,1.11,79,58,37,68,53,32,3.3,2.0,2.0,1.66,1.3,1.3,3.4,2.0,1.8,3.5,1.28,1.8,1.9,30,32,38,37,63,38,62,32,68,26,74,28,1.9
2021-03-31,21:30:00,Primera,Peru,3,Ayacucho,Sport Huancayo,1,2,0,0,H,"""[{'date': datetime.date(2020, 11, 9), 'gf': 3, 'ga': 0, 'venue': 'ha'}, {'date': datetime.date(2020, 8, 26), 'gf': 1, 'ga': 1, 'venue': 'hh'}, {'date': datetime.date(2019, 8, 30), 'gf': 1, 'ga': 1, 'venue': 'hh'}, {'date': datetime.date(2019, 7, 1), 'gf': 1, 'ga': 2, 'venue': 'hh'}, {'date': datetime.date(2019, 3, 16), 'gf': 2, 'ga': 2, 'venue': 'ha'}, {'date': datetime.date(2018, 10, 20), 'gf': 3, 'ga': 3, 'venue': 'ha'}, {'date': datetime.date(2018, 8, 8), 'gf': 3, 'ga': 1, 'venue': 'hh'}, {'date': datetime.date(2017, 11, 30), 'gf': 1, 'ga': 1, 'venue': 'ha'}, {'date': datetime.date(2017, 8, 5), 'gf': 1, 'ga': 1, 'venue': 'hh'}, {'date': datetime.date(2016, 11, 18), 'gf': 0, 'ga': 0, 'venue': 'ha'}, {'date': datetime.date(2016, 9, 24), 'gf': 0, 'ga': 1, 'venue': 'hh'}, {'date': datetime.date(2016, 8, 6), 'gf': 1, 'ga': 2, 'venue': 'ha'}]""","""[]""","""[]""",2,0,2,1,9,17,3,3,0,0,0,0,2.0,0.0,1.0,0.0,0,0,3.0,3.0,0,0,0,0,0,0,0,0,0,0,0,1,21,52,19,29,2.76,1.48,1.29,76,62,38,71,57,38,3.0,2.3,2.3,1.57,1.36,1.5,2.5,2.4,1.53,5.0,1.16,2.1,1.66,31,33,36,42,58,40,60,35,65,15,85,12,1.66
2021-05-10,21:30:00,Primera,Peru,3,Un. de Deportes,UTC Cajamarca,0,1,0,0,H,"""[{'date': datetime.date(2020, 11, 10), 'gf': 1, 'ga': 6, 'venue': 'hh'}, {'date': datetime.date(2020, 10, 6), 'gf': 3, 'ga': 1, 'venue': 'ha'}, {'date': datetime.date(2019, 11, 17), 'gf': 1, 'ga': 1, 'venue': 'ha'}, {'date': datetime.date(2019, 6, 3), 'gf': 2, 'ga': 1, 'venue': 'hh'}, {'date': datetime.date(2018, 9, 12), 'gf': 2, 'ga': 1, 'venue': 'hh'}, {'date': datetime.date(2018, 5, 26), 'gf': 1, 'ga': 1, 'venue': 'ha'}, {'date': datetime.date(2018, 4, 1), 'gf': 0, 'ga': 0, 'venue': 'ha'}, {'date': datetime.date(2018, 2, 10), 'gf': 0, 'ga': 1, 'venue': 'hh'}, {'date': datetime.date(2017, 12, 1), 'gf': 3, 'ga': 1, 'venue': 'hh'}, {'date': datetime.date(2017, 8, 6), 'gf': 0, 'ga': 1, 'venue': 'ha'}, {'date': datetime.date(2017, 4, 23), 'gf': 3, 'ga': 1, 'venue': 'hh'}, {'date': datetime.date(2017, 2, 19), 'gf': 1, 'ga': 2, 'venue': 'ha'}]""","""[]""","""[]""",6,3,6,2,4,11,6,10,1.33,1.33,1.33,1.33,1.17,1.33,0.5,0.5,1.67,1.33,1.17,1.5,2,1,1,2,0,1,0,0,0,0,1,1,60,43,25,32,2.65,1.4,1.25,73,73,52,70,53,33,2.55,2.55,2.55,1.44,1.44,1.3,3.4,2.0,1.8,3.5,1.28,1.72,2.0,45,19,36,55,45,62,38,51,49,38,62,56,2.0
2021-04-13,21:30:00,Primera,Peru,4,Binacional,Alianza Huanuco,0,2,0,1,H,"""[{'date': datetime.date(2020, 11, 4), 'gf': 2, 'ga': 1, 'venue': 'hh'}, {'date': datetime.date(2020, 9, 11), 'gf': 2, 'ga': 1, 'venue': 'ha'}, {'date': datetime.date(2019, 10, 18), 'gf': 7, 'ga': 0, 'venue': 'hh'}, {'date': datetime.date(2019, 5, 5), 'gf': 3, 'ga': 2, 'venue': 'ha'}]""","""[]""","""[]""",3,1,3,1,9,16,4,3,0.67,3.33,0.0,4.0,0.67,1.0,1.0,0.0,0.0,0.0,2.0,3.0,1,1,1,0,0,1,0,0,0,0,0,1,25,52,24,24,2.64,1.48,1.16,76,56,36,68,56,36,2.7,2.5,2.5,1.5,1.44,1.22,4.0,1.72,2.0,2.75,1.4,1.57,2.25,33,32,35,46,54,67,33,63,37,34,66,23,2.25
2021-04-13,19:15:00,Primera,Peru,4,Cusco,Sport Boys,0,2,2,0,D,"""[{'date': datetime.date(2020, 11, 2), 'gf': 1, 'ga': 2, 'venue': 'hh'}, {'date': datetime.date(2020, 8, 27), 'gf': 2, 'ga': 0, 'venue': 'hh'}, {'date': datetime.date(2019, 9, 27), 'gf': 4, 'ga': 0, 'venue': 'hh'}, {'date': datetime.date(2019, 4, 13), 'gf': 0, 'ga': 0, 'venue': 'ha'}, {'date': datetime.date(2018, 9, 23), 'gf': 1, 'ga': 3, 'venue': 'ha'}, {'date': datetime.date(2018, 6, 4), 'gf': 3, 'ga': 2, 'venue': 'hh'}, {'date': datetime.date(2018, 3, 25), 'gf': 2, 'ga': 0, 'venue': 'hh'}, {'date': datetime.date(2018, 2, 4), 'gf': 1, 'ga': 3, 'venue': 'ha'}, {'date': datetime.date(2012, 11, 11), 'gf': 3, 'ga': 0, 'venue': 'hh'}, {'date': datetime.date(2012, 9, 22), 'gf': 1, 'ga': 3, 'venue': 'ha'}, {'date': datetime.date(2012, 7, 18), 'gf': 1, 'ga': 1, 'venue': 'hh'}, {'date': datetime.date(2012, 4, 21), 'gf': 0, 'ga': 0, 'venue': 'ha'}]""","""[]""","""[]""",3,1,3,1,7,12,6,11,1.33,1.67,2.0,2.0,1.67,2.0,0.0,1.0,0.67,1.0,1.0,0.0,1,1,1,1,0,0,0,0,0,0,1,0,25,52,24,24,2.64,1.48,1.16,76,56,36,68,56,36,1.9,3.6,3.6,1.25,1.72,1.22,4.0,1.8,2.0,2.75,1.4,1.66,2.1,29,44,27,52,48,67,33,63,37,56,44,56,2.1
2021-04-14,19:15:00,Primera,Peru,4,Acad. Cantolao,Cienciano,0,0,2,0,A,"""[{'date': datetime.date(2020, 11, 14), 'gf': 2, 'ga': 0, 'venue': 'hh'}, {'date': datetime.date(2020, 2, 2), 'gf': 2, 'ga': 1, 'venue': 'hh'}]""","""[]""","""[]""",3,1,3,1,6,7,2,5,1.0,2.0,3.0,1.0,1.33,0.67,2.0,2.0,1.0,3.0,2.33,1.0,1,1,1,1,0,0,1,1,1,1,0,0,27,52,26,22,2.7,1.52,1.19,78,59,41,70,59,37,3.1,2.3,2.3,1.57,1.36,1.28,3.5,1.95,1.85,3.25,1.33,1.72,2.0,32,32,36,42,58,67,33,53,47,34,66,35,2.0
2021-04-14,00:00:00,Primera,Peru,4,Sp. Cristal,Dep. Municipal,0,3,1,0,H,"""[{'date': datetime.date(2020, 10, 8), 'gf': 1, 'ga': 1, 'venue': 'ha'}, {'date': datetime.date(2019, 9, 15), 'gf': 1, 'ga': 0, 'venue': 'ha'}, {'date': datetime.date(2019, 3, 31), 'gf': 2, 'ga': 0, 'venue': 'hh'}, {'date': datetime.date(2018, 9, 23), 'gf': 4, 'ga': 0, 'venue': 'hh'}, {'date': datetime.date(2018, 6, 2), 'gf': 1, 'ga': 0, 'venue': 'ha'}, {'date': datetime.date(2017, 10, 14), 'gf': 2, 'ga': 3, 'venue': 'ha'}, {'date': datetime.date(2017, 7, 5), 'gf': 2, 'ga': 2, 'venue': 'hh'}, {'date': datetime.date(2016, 12, 4), 'gf': 1, 'ga': 0, 'venue': 'hh'}, {'date': datetime.date(2016, 11, 30), 'gf': 0, 'ga': 1, 'venue': 'ha'}, {'date': datetime.date(2016, 11, 24), 'gf': 3, 'ga': 1, 'venue': 'ha'}, {'date': datetime.date(2016, 9, 27), 'gf': 0, 'ga': 2, 'venue': 'hh'}, {'date': datetime.date(2016, 7, 20), 'gf': 0, 'ga': 0, 'venue': 'ha'}]""","""[]""","""[]""",3,1,3,1,1,9,9,12,2.67,0.0,1.0,0.0,0.0,2.0,0.0,1.0,3.0,3.0,0.0,0.0,0,0,0,0,1,0,0,0,0,0,1,0,27,52,26,22,2.7,1.52,1.19,78,59,41,70,59,37,1.25,12.0,12.0,1.05,3.75,1.25,3.75,1.8,2.0,3.0,1.36,2.37,1.53,46,37,17,90,10,56,44,52,48,34,66,12,1.53
2021-04-14,21:30:00,Primera,Peru,4,Sport Huancayo,Alianza Lima,0,0,0,0,D,"""[{'date': datetime.date(2020, 11, 28), 'gf': 2, 'ga': 0, 'venue': 'hh'}, {'date': datetime.date(2020, 9, 19), 'gf': 1, 'ga': 1, 'venue': 'hh'}, {'date': datetime.date(2019, 11, 16), 'gf': 1, 'ga': 3, 'venue': 'ha'}, {'date': datetime.date(2019, 6, 1), 'gf': 0, 'ga': 3, 'venue': 'hh'}, {'date': datetime.date(2018, 11, 11), 'gf': 1, 'ga': 2, 'venue': 'ha'}, {'date': datetime.date(2018, 8, 19), 'gf': 1, 'ga': 1, 'venue': 'hh'}, {'date': datetime.date(2017, 10, 26), 'gf': 4, 'ga': 2, 'venue': 'hh'}, {'date': datetime.date(2017, 7, 16), 'gf': 3, 'ga': 3, 'venue': 'ha'}, {'date': datetime.date(2017, 5, 3), 'gf': 1, 'ga': 2, 'venue': 'hh'}, {'date': datetime.date(2017, 2, 26), 'gf': 2, 'ga': 2, 'venue': 'ha'}, {'date': datetime.date(2016, 11, 27), 'gf': 1, 'ga': 1, 'venue': 'hh'}, {'date': datetime.date(2016, 10, 16), 'gf': 0, 'ga': 1, 'venue': 'ha'}]""","""[]""","""[]""",2,1,2,0,3,6,5,18,1.33,1.0,3.0,0.0,1.5,1.0,0,0,2.0,3.0,2.0,0,1,1,0,0,1,0,0,0,0,0,0,0,27,52,26,22,2.7,1.52,1.19,78,59,41,70,59,37,2.5,2.8,2.8,1.4,1.5,1.33,3.25,2.07,1.72,3.75,1.25,1.8,1.9,34,33,33,52,48,62,38,58,42,29,71,30,1.9
2021-04-15,17:00:00,Primera,Peru,4,Alianza Atl.,Ayacucho,0,0,0,1,A,"""[{'date': datetime.date(2017, 11, 19), 'gf': 0, 'ga': 2, 'venue': 'hh'}, {'date': datetime.date(2017, 7, 26), 'gf': 0, 'ga': 1, 'venue': 'ha'}, {'date': datetime.date(2017, 5, 7), 'gf': 2, 'ga': 1, 'venue': 'ha'}, {'date': datetime.date(2017, 3, 4), 'gf': 1, 'ga': 1, 'venue': 'hh'}, {'date': datetime.date(2016, 10, 29), 'gf': 1, 'ga': 1, 'venue': 'hh'}, {'date': datetime.date(2016, 9, 11), 'gf': 2, 'ga': 5, 'venue': 'ha'}, {'date': datetime.date(2016, 7, 6), 'gf': 2, 'ga': 0, 'venue': 'hh'}, {'date': datetime.date(2016, 3, 6), 'gf': 0, 'ga': 1, 'venue': 'ha'}, {'date': datetime.date(2015, 9, 29), 'gf': 3, 'ga': 3, 'venue': 'hh'}, {'date': datetime.date(2015, 5, 23), 'gf': 1, 'ga': 2, 'venue': 'ha'}, {'date': datetime.date(2011, 9, 10), 'gf': 0, 'ga': 1, 'venue': 'ha'}, {'date': datetime.date(2011, 3, 20), 'gf': 3, 'ga': 0, 'venue': 'hh'}]""","""[]""","""[]""",3,0,3,1,9,18,3,8,0.5,1.5,0,0,1.67,0.67,0.0,0.0,0.0,0,1.67,1.0,0,0,0,0,0,0,0,0,0,0,1,1,30,50,27,23,2.63,1.47,1.17,73,60,40,70,57,37,3.6,2.05,2.05,1.72,1.28,1.33,3.25,2.05,1.75,3.5,1.28,1.83,1.83,30,32,38,37,63,56,44,52,48,23,77,35,1.83
2021-04-15,00:00:00,Primera,Peru,4,Un. Cesar Vallejo,Carlos Mannucci,0,2,0,1,H,"""[{'date': datetime.date(2020, 10, 24), 'gf': 3, 'ga': 2, 'venue': 'ha'}, {'date': datetime.date(2020, 9, 9), 'gf': 1, 'ga': 1, 'venue': 'ha'}, {'date': datetime.date(2019, 11, 10), 'gf': 2, 'ga': 2, 'venue': 'ha'}, {'date': datetime.date(2019, 5, 25), 'gf': 1, 'ga': 0, 'venue': 'hh'}]""","""[]""","""[]""",3,1,3,1,3,16,2,6,2.33,1.0,0.0,1.0,2.0,0.67,2.0,2.0,2.0,0.0,2.33,1.0,0,0,0,0,0,1,1,1,1,1,0,0,30,50,27,23,2.63,1.47,1.17,73,60,40,70,57,37,1.9,4.33,4.33,1.18,1.72,1.33,3.25,2.1,1.7,3.5,1.28,1.83,1.83,39,34,27,68,32,79,21,53,47,46,54,36,1.83
2021-04-15,21:30:00,Primera,Peru,4,Un. San Martin,Un. de Deportes,0,0,1,0,A,"""[{'date': datetime.date(2020, 11, 14), 'gf': 3, 'ga': 2, 'venue': 'ha'}, {'date': datetime.date(2020, 8, 27), 'gf': 0, 'ga': 2, 'venue': 'ha'}, {'date': datetime.date(2019, 8, 17), 'gf': 0, 'ga': 0, 'venue': 'ha'}, {'date': datetime.date(2019, 3, 2), 'gf': 2, 'ga': 3, 'venue': 'hh'}, {'date': datetime.date(2018, 9, 23), 'gf': 2, 'ga': 2, 'venue': 'ha'}, {'date': datetime.date(2018, 6, 3), 'gf': 2, 'ga': 2, 'venue': 'hh'}, {'date': datetime.date(2018, 4, 8), 'gf': 2, 'ga': 2, 'venue': 'ha'}, {'date': datetime.date(2018, 2, 17), 'gf': 1, 'ga': 1, 'venue': 'hh'}, {'date': datetime.date(2017, 10, 15), 'gf': 1, 'ga': 2, 'venue': 'ha'}, {'date': datetime.date(2017, 7, 5), 'gf': 2, 'ga': 4, 'venue': 'hh'}, {'date': datetime.date(2016, 11, 27), 'gf': 1, 'ga': 0, 'venue': 'ha'}, {'date': datetime.date(2016, 10, 27), 'gf': 4, 'ga': 4, 'venue': 'hh'}]""","""[]""","""[]""",2,1,2,1,5,8,8,14,1.33,1.67,2.0,1.0,1.0,2.0,1.0,3.0,1.33,3.0,0.5,0.0,1,1,0,1,0,0,1,1,1,1,0,0,30,50,27,23,2.63,1.47,1.17,73,60,40,70,57,37,4.0,2.0,2.0,1.72,1.22,1.33,3.25,2.05,1.75,3.5,1.28,1.8,1.9,59,13,28,67,33,90,10,57,43,40,60,68,1.9
2021-04-16,00:00:00,Primera,Peru,4,UTC Cajamarca,Melgar Arequipa,1,2,0,1,H,"""[{'date': datetime.date(2020, 2, 28), 'gf': 1, 'ga': 1, 'venue': 'hh'}, {'date': datetime.date(2019, 8, 17), 'gf': 0, 'ga': 2, 'venue': 'hh'}, {'date': datetime.date(2019, 3, 21), 'gf': 1, 'ga': 1, 'venue': 'ha'}, {'date': datetime.date(2018, 11, 8), 'gf': 3, 'ga': 0, 'venue': 'hh'}, {'date': datetime.date(2018, 8, 17), 'gf': 3, 'ga': 3, 'venue': 'ha'}, {'date': datetime.date(2017, 10, 13), 'gf': 0, 'ga': 0, 'venue': 'hh'}, {'date': datetime.date(2017, 7, 5), 'gf': 0, 'ga': 2, 'venue': 'ha'}, {'date': datetime.date(2017, 5, 31), 'gf': 2, 'ga': 1, 'venue': 'hh'}, {'date': datetime.date(2017, 5, 21), 'gf': 0, 'ga': 1, 'venue': 'ha'}, {'date': datetime.date(2016, 5, 15), 'gf': 1, 'ga': 1, 'venue': 'ha'}, {'date': datetime.date(2016, 2, 5), 'gf': 1, 'ga': 3, 'venue': 'hh'}, {'date': datetime.date(2015, 10, 20), 'gf': 0, 'ga': 1, 'venue': 'ha'}]""","""[]""","""[]""",3,1,3,1,8,15,4,8,1.0,1.5,2.0,2.0,1.33,0.33,1.0,1.0,0.5,1.0,1.67,1.0,1,1,1,1,0,0,1,0,0,1,0,0,33,48,24,27,2.55,1.39,1.15,70,64,39,67,55,33,3.5,1.95,1.95,1.8,1.28,1.33,3.25,2.05,1.75,3.75,1.25,1.83,1.83,7,83,10,42,58,62,38,47,53,28,72,41,1.83
2021-04-23,19:15:00,Primera,Peru,5,Acad. Cantolao,UTC Cajamarca,0,0,1,0,A,"""[{'date': datetime.date(2020, 11, 3), 'gf': 2, 'ga': 4, 'venue': 'ha'}, {'date': datetime.date(2020, 9, 17), 'gf': 1, 'ga': 3, 'venue': 'ha'}, {'date': datetime.date(2019, 10, 11), 'gf': 1, 'ga': 1, 'venue': 'ha'}, {'date': datetime.date(2019, 4, 26), 'gf': 0, 'ga': 0, 'venue': 'hh'}, {'date': datetime.date(2018, 11, 25), 'gf': 2, 'ga': 1, 'venue': 'hh'}, {'date': datetime.date(2018, 8, 27), 'gf': 2, 'ga': 1, 'venue': 'ha'}, {'date': datetime.date(2017, 11, 25), 'gf': 1, 'ga': 0, 'venue': 'ha'}, {'date': datetime.date(2017, 7, 29), 'gf': 0, 'ga': 0, 'venue': 'hh'}]""","""[]""","""[]""",3,2,3,1,8,10,5,14,0.75,2.0,1.5,1.5,1.67,1.33,0.0,1.0,0.75,1.5,1.33,0.0,2,1,1,1,0,1,0,0,0,0,1,0,34,50,24,26,2.59,1.44,1.15,71,65,41,68,56,35,3.2,2.05,2.05,1.72,1.36,1.25,3.75,1.85,1.95,3.25,1.33,1.66,2.1,31,31,38,38,62,78,22,57,43,42,58,44,2.1
2021-04-23,21:30:00,Primera,Peru,5,Dep. Municipal,Binacional,0,2,1,0,H,"""[{'date': datetime.date(2020, 10, 3), 'gf': 3, 'ga': 1, 'venue': 'ha'}, {'date': datetime.date(2019, 8, 18), 'gf': 1, 'ga': 1, 'venue': 'hh'}, {'date': datetime.date(2019, 3, 2), 'gf': 0, 'ga': 3, 'venue': 'ha'}, {'date': datetime.date(2018, 9, 2), 'gf': 1, 'ga': 0, 'venue': 'hh'}, {'date': datetime.date(2018, 5, 19), 'gf': 0, 'ga': 0, 'venue': 'ha'}, {'date': datetime.date(2018, 4, 21), 'gf': 4, 'ga': 0, 'venue': 'hh'}, {'date': datetime.date(2018, 3, 6), 'gf': 0, 'ga': 0, 'venue': 'ha'}]""","""[]""","""[]""",4,2,4,2,9,18,8,17,0.25,2.25,0.0,2.5,1.0,2.75,1.0,3.0,0.0,0.0,0.75,0.0,1,1,1,0,0,2,2,2,1,1,1,0,34,50,24,26,2.59,1.44,1.15,71,65,41,68,56,35,2.6,2.37,2.37,1.5,1.44,1.28,3.5,1.95,1.85,3.25,1.33,1.72,2.0,47,4,49,48,52,72,28,68,32,45,55,38,2.0
2021-04-24,17:00:00,Primera,Peru,5,Alianza Huanuco,Sport Boys,1,0,0,0,H,"""[{'date': datetime.date(2020, 10, 17), 'gf': 0, 'ga': 1, 'venue': 'hh'}, {'date': datetime.date(2019, 11, 10), 'gf': 2, 'ga': 0, 'venue': 'hh'}, {'date': datetime.date(2019, 5, 26), 'gf': 2, 'ga': 1, 'venue': 'ha'}]""","""[]""","""[]""",4,2,4,2,4,13,6,11,0.75,1.25,0.5,1.5,1.75,2.0,1.0,1.5,1.5,1.5,1.0,0.5,1,1,0,0,1,1,1,1,1,1,1,0,36,50,22,28,2.56,1.42,1.14,69,67,42,67,56,33,3.0,2.62,2.62,1.4,1.33,1.33,3.25,2.1,1.7,3.75,1.25,1.72,2.0,31,35,34,45,55,63,37,60,40,36,64,47,2.0
2021-04-24,21:30:00,Primera,Peru,5,Alianza Lima,Un. Cesar Vallejo,0,2,1,1,D,"""[{'date': datetime.date(2020, 11, 9), 'gf': 1, 'ga': 4, 'venue': 'ha'}, {'date': datetime.date(2020, 9, 21), 'gf': 1, 'ga': 1, 'venue': 'hh'}, {'date': datetime.date(2019, 8, 18), 'gf': 1, 'ga': 3, 'venue': 'ha'}, {'date': datetime.date(2019, 3, 3), 'gf': 3, 'ga': 1, 'venue': 'hh'}, {'date': datetime.date(2016, 5, 29), 'gf': 0, 'ga': 0, 'venue': 'ha'}, {'date': datetime.date(2016, 2, 21), 'gf': 1, 'ga': 1, 'venue': 'hh'}, {'date': datetime.date(2015, 11, 29), 'gf': 2, 'ga': 2, 'venue': 'hh'}, {'date': datetime.date(2015, 8, 23), 'gf': 0, 'ga': 1, 'venue': 'ha'}, {'date': datetime.date(2015, 4, 27), 'gf': 1, 'ga': 3, 'venue': 'hh'}, {'date': datetime.date(2014, 10, 12), 'gf': 2, 'ga': 2, 'venue': 'ha'}, {'date': datetime.date(2014, 7, 13), 'gf': 0, 'ga': 0, 'venue': 'hh'}, {'date': datetime.date(2013, 11, 30), 'gf': 1, 'ga': 1, 'venue': 'hh'}]""","""[]""","""[]""",4,2,4,2,5,8,2,2,1.0,0.67,1.5,1.0,2.25,1.0,3.5,1.0,1.67,2.0,2.25,3.0,1,1,1,1,1,0,2,2,2,1,0,1,36,50,22,28,2.56,1.42,1.14,69,67,42,67,56,33,2.75,2.3,2.3,1.53,1.36,1.28,3.5,1.95,1.85,3.4,1.3,1.72,2.0,33,31,36,45,55,58,42,54,46,38,62,41,2.0
2021-04-24,00:00:00,Primera,Peru,5,Ayacucho,Cienciano,0,1,0,1,D,"""[{'date': datetime.date(2020, 2, 29), 'gf': 4, 'ga': 1, 'venue': 'ha'}, {'date': datetime.date(2015, 11, 15), 'gf': 1, 'ga': 1, 'venue': 'ha'}, {'date': datetime.date(2015, 7, 15), 'gf': 0, 'ga': 0, 'venue': 'hh'}, {'date': datetime.date(2014, 9, 21), 'gf': 0, 'ga': 0, 'venue': 'ha'}, {'date': datetime.date(2014, 6, 21), 'gf': 3, 'ga': 1, 'venue': 'hh'}, {'date': datetime.date(2013, 11, 24), 'gf': 3, 'ga': 2, 'venue': 'ha'}, {'date': datetime.date(2013, 10, 1), 'gf': 2, 'ga': 2, 'venue': 'hh'}, {'date': datetime.date(2013, 7, 13), 'gf': 1, 'ga': 1, 'venue': 'ha'}, {'date': datetime.date(2013, 4, 20), 'gf': 3, 'ga': 2, 'venue': 'hh'}, {'date': datetime.date(2012, 11, 10), 'gf': 0, 'ga': 1, 'venue': 'hh'}, {'date': datetime.date(2012, 9, 22), 'gf': 0, 'ga': 0, 'venue': 'ha'}, {'date': datetime.date(2012, 7, 25), 'gf': 1, 'ga': 0, 'venue': 'hh'}]""","""[]""","""[]""",4,2,4,2,2,4,1,3,1.5,0.5,2.5,1.0,1.5,0.5,2.0,1.0,2.0,2.0,2.5,2.0,2,2,1,1,1,0,2,1,1,1,0,1,36,50,22,28,2.56,1.42,1.14,69,67,42,67,56,33,2.7,2.37,2.37,1.5,1.4,1.33,3.25,2.05,1.75,3.75,1.25,1.8,1.9,26,45,29,46,54,55,45,43,57,28,72,30,1.9
2021-04-24,19:15:00,Primera,Peru,5,Melgar Arequipa,Un. San Martin,0,0,1,1,A,"""[{'date': datetime.date(2020, 9, 18), 'gf': 1, 'ga': 1, 'venue': 'hh'}, {'date': datetime.date(2019, 9, 14), 'gf': 1, 'ga': 1, 'venue': 'ha'}, {'date': datetime.date(2019, 3, 31), 'gf': 3, 'ga': 1, 'venue': 'hh'}, {'date': datetime.date(2018, 11, 25), 'gf': 1, 'ga': 1, 'venue': 'ha'}, {'date': datetime.date(2018, 8, 25), 'gf': 3, 'ga': 2, 'venue': 'hh'}, {'date': datetime.date(2017, 8, 19), 'gf': 2, 'ga': 0, 'venue': 'ha'}, {'date': datetime.date(2017, 5, 28), 'gf': 2, 'ga': 3, 'venue': 'hh'}, {'date': datetime.date(2017, 5, 3), 'gf': 2, 'ga': 1, 'venue': 'ha'}, {'date': datetime.date(2017, 2, 27), 'gf': 2, 'ga': 1, 'venue': 'hh'}, {'date': datetime.date(2016, 7, 10), 'gf': 1, 'ga': 0, 'venue': 'hh'}, {'date': datetime.date(2016, 3, 9), 'gf': 1, 'ga': 2, 'venue': 'ha'}, {'date': datetime.date(2015, 8, 29), 'gf': 0, 'ga': 1, 'venue': 'ha'}]""","""[]""","""[]""",4,2,4,2,5,5,7,13,1.25,1.0,1.5,0.0,1.0,1.5,1.0,2.0,1.25,2.0,1.0,0.5,1,1,0,0,2,1,2,1,1,1,1,0,36,50,22,28,2.56,1.42,1.14,69,67,42,67,56,33,1.57,5.25,5.25,1.16,2.25,1.3,3.4,2.0,1.8,3.4,1.3,1.9,1.8,34,45,21,61,39,72,28,51,49,27,73,47,1.8
2021-04-25,21:30:00,Primera,Peru,5,Un. de Deportes,Sp. Cristal,0,0,1,0,A,"""[{'date': datetime.date(2020, 12, 20), 'gf': 1, 'ga': 1, 'venue': 'ha'}, {'date': datetime.date(2020, 12, 17), 'gf': 1, 'ga': 2, 'venue': 'hh'}, {'date': datetime.date(2020, 11, 20), 'gf': 2, 'ga': 2, 'venue': 'ha'}, {'date': datetime.date(2020, 10, 15), 'gf': 0, 'ga': 1, 'venue': 'ha'}, {'date': datetime.date(2019, 10, 13), 'gf': 0, 'ga': 0, 'venue': 'hh'}, {'date': datetime.date(2019, 4, 28), 'gf': 1, 'ga': 1, 'venue': 'ha'}, {'date': datetime.date(2018, 10, 31), 'gf': 2, 'ga': 1, 'venue': 'hh'}, {'date': datetime.date(2018, 8, 5), 'gf': 0, 'ga': 1, 'venue': 'ha'}, {'date': datetime.date(2018, 4, 29), 'gf': 3, 'ga': 3, 'venue': 'hh'}, {'date': datetime.date(2018, 3, 11), 'gf': 1, 'ga': 1, 'venue': 'ha'}, {'date': datetime.date(2017, 11, 19), 'gf': 2, 'ga': 2, 'venue': 'hh'}, {'date': datetime.date(2017, 7, 27), 'gf': 1, 'ga': 1, 'venue': 'ha'}]""","""[]""","""[]""",4,1,4,2,7,17,1,2,1.0,1.33,1.0,1.0,2.75,0.25,3.5,0.0,1.33,1.0,3.0,3.0,1,0,0,1,0,0,2,2,1,0,0,2,40,48,25,28,2.53,1.38,1.15,70,68,42,68,52,32,4.0,1.75,1.75,1.9,1.2,1.2,4.33,1.72,2.07,2.62,1.44,1.61,2.2,30,32,38,36,64,69,31,53,47,38,62,44,2.2
2021-04-26,17:00:00,Primera,Peru,5,Carlos Mannucci,Alianza Atl.,0,1,1,2,A,"""[]""","""[]""","""[]""",3,2,3,2,3,1,9,15,1.75,1.0,2.0,0.0,0.33,1.33,0.5,1.5,1.75,3.0,0.0,0.0,2,0,0,0,2,0,1,1,0,1,1,0,41,46,24,29,2.49,1.34,1.15,68,68,41,66,51,32,1.36,7.7,7.7,,,,,,,,,,,71,9,20,78,22,63,37,42,58,18,82,38,
2021-04-26,21:30:00,Primera,Peru,5,Cusco,Sport Huancayo,0,0,1,0,A,"""[{'date': datetime.date(2020, 11, 6), 'gf': 0, 'ga': 0, 'venue': 'hh'}, {'date': datetime.date(2020, 3, 3), 'gf': 2, 'ga': 3, 'venue': 'ha'}, {'date': datetime.date(2019, 9, 16), 'gf': 0, 'ga': 1, 'venue': 'hh'}, {'date': datetime.date(2019, 3, 30), 'gf': 1, 'ga': 0, 'venue': 'ha'}, {'date': datetime.date(2018, 9, 1), 'gf': 2, 'ga': 2, 'venue': 'hh'}, {'date': datetime.date(2018, 5, 19), 'gf': 1, 'ga': 1, 'venue': 'ha'}, {'date': datetime.date(2018, 4, 20), 'gf': 0, 'ga': 3, 'venue': 'hh'}, {'date': datetime.date(2018, 3, 3), 'gf': 1, 'ga': 3, 'venue': 'ha'}, {'date': datetime.date(2017, 11, 25), 'gf': 0, 'ga': 1, 'venue': 'hh'}, {'date': datetime.date(2017, 7, 30), 'gf': 1, 'ga': 1, 'venue': 'ha'}, {'date': datetime.date(2017, 4, 23), 'gf': 0, 'ga': 1, 'venue': 'ha'}, {'date': datetime.date(2017, 2, 18), 'gf': 2, 'ga': 0, 'venue': 'hh'}]""","""[]""","""[]""",4,2,4,2,7,16,4,9,1.5,1.75,2.0,2.0,1.0,0.75,0.5,1.5,0.75,1.0,1.75,1.5,2,2,2,2,0,0,1,1,0,0,1,1,41,46,24,29,2.49,1.34,1.15,68,68,41,66,51,32,2.05,3.2,3.2,1.36,1.72,1.31,3.15,2.05,1.75,3.39,1.27,1.81,1.93,33,31,36,45,55,63,37,58,42,35,65,38,1.93
2021-04-30,21:30:00,Primera,Peru,6,Un. San Martin,Acad. Cantolao,1,0,0,0,H,"""[{'date': datetime.date(2020, 11, 23), 'gf': 2, 'ga': 1, 'venue': 'ha'}, {'date': datetime.date(2020, 10, 16), 'gf': 2, 'ga': 1, 'venue': 'hh'}, {'date': datetime.date(2019, 11, 10), 'gf': 3, 'ga': 1, 'venue': 'hh'}, {'date': datetime.date(2019, 5, 25), 'gf': 1, 'ga': 3, 'venue': 'ha'}, {'date': datetime.date(2018, 9, 12), 'gf': 3, 'ga': 2, 'venue': 'hh'}, {'date': datetime.date(2018, 5, 27), 'gf': 1, 'ga': 1, 'venue': 'ha'}, {'date': datetime.date(2017, 10, 18), 'gf': 1, 'ga': 3, 'venue': 'ha'}, {'date': datetime.date(2017, 6, 23), 'gf': 3, 'ga': 2, 'venue': 'hh'}, {'date': datetime.date(2017, 4, 15), 'gf': 1, 'ga': 2, 'venue': 'hh'}, {'date': datetime.date(2017, 2, 12), 'gf': 2, 'ga': 0, 'venue': 'ha'}]""","""[]""","""[]""",5,2,5,2,5,11,9,18,1.2,1.2,1.0,1.0,0.6,1.8,0.0,2.5,1.4,1.5,0.6,0.0,1,1,0,1,0,1,2,1,0,0,2,0,43,44,23,33,2.49,1.3,1.19,67,70,42,65,51,33,1.72,5.25,5.25,1.16,2.0,1.28,3.5,1.93,1.88,3.25,1.33,1.8,1.9,64,6,30,68,32,75,25,43,57,24,76,33,1.9
2021-04-30,17:00:00,Primera,Peru,6,UTC Cajamarca,Ayacucho,1,0,2,1,A,"""[{'date': datetime.date(2020, 10, 9), 'gf': 1, 'ga': 1, 'venue': 'ha'}, {'date': datetime.date(2019, 10, 28), 'gf': 2, 'ga': 0, 'venue': 'hh'}, {'date': datetime.date(2019, 5, 10), 'gf': 2, 'ga': 0, 'venue': 'ha'}, {'date': datetime.date(2018, 9, 15), 'gf': 0, 'ga': 0, 'venue': 'hh'}, {'date': datetime.date(2018, 5, 29), 'gf': 3, 'ga': 2, 'venue': 'ha'}, {'date': datetime.date(2018, 4, 29), 'gf': 2, 'ga': 1, 'venue': 'hh'}, {'date': datetime.date(2018, 3, 24), 'gf': 1, 'ga': 2, 'venue': 'ha'}, {'date': datetime.date(2017, 10, 20), 'gf': 2, 'ga': 2, 'venue': 'ha'}, {'date': datetime.date(2017, 7, 10), 'gf': 3, 'ga': 0, 'venue': 'hh'}, {'date': datetime.date(2016, 11, 27), 'gf': 1, 'ga': 1, 'venue': 'hh'}, {'date': datetime.date(2016, 10, 15), 'gf': 0, 'ga': 2, 'venue': 'ha'}, {'date': datetime.date(2016, 8, 3), 'gf': 1, 'ga': 1, 'venue': 'hh'}]""","""[]""","""[]""",5,2,5,2,3,8,2,5,1.5,1.0,2.5,1.5,1.4,0.6,0.5,0.0,1.75,2.0,1.8,2.0,2,2,2,2,0,0,0,0,0,0,1,2,43,44,23,33,2.49,1.3,1.19,67,70,42,65,51,33,3.0,2.55,2.55,1.5,1.36,1.28,3.5,2.0,1.8,3.4,1.3,1.66,2.1,27,46,27,49,51,58,42,47,53,34,66,43,2.1
2021-05-01,21:30:00,Primera,Peru,6,Alianza Atl.,Un. de Deportes,0,1,1,1,A,"""[{'date': datetime.date(2017, 9, 13), 'gf': 0, 'ga': 2, 'venue': 'hh'}, {'date': datetime.date(2017, 6, 22), 'gf': 1, 'ga': 1, 'venue': 'ha'}, {'date': datetime.date(2016, 10, 19), 'gf': 1, 'ga': 3, 'venue': 'hh'}, {'date': datetime.date(2016, 8, 21), 'gf': 0, 'ga': 4, 'venue': 'ha'}, {'date': datetime.date(2016, 7, 16), 'gf': 2, 'ga': 3, 'venue': 'hh'}, {'date': datetime.date(2016, 3, 13), 'gf': 1, 'ga': 3, 'venue': 'ha'}, {'date': datetime.date(2015, 9, 3), 'gf': 1, 'ga': 2, 'venue': 'hh'}, {'date': datetime.date(2015, 5, 6), 'gf': 1, 'ga': 1, 'venue': 'ha'}, {'date': datetime.date(2015, 3, 8), 'gf': 0, 'ga': 3, 'venue': 'ha'}, {'date': datetime.date(2015, 2, 28), 'gf': 2, 'ga': 1, 'venue': 'hh'}, {'date': datetime.date(2011, 10, 17), 'gf': 3, 'ga': 0, 'venue': 'hh'}, {'date': datetime.date(2011, 4, 24), 'gf': 0, 'ga': 1, 'venue': 'ha'}]""","""[]""","""[]""",4,1,4,2,8,18,7,10,1.0,1.25,0.0,1.0,0.75,1.25,1.0,1.5,0.75,0.0,1.0,1.5,0,0,0,0,0,1,1,1,1,1,0,1,45,44,22,33,2.49,1.29,1.2,69,69,42,64,51,33,3.5,2.0,2.0,1.72,1.28,1.28,3.5,1.95,1.85,3.25,1.33,1.72,2.0,30,32,38,36,64,51,49,38,62,26,74,44,2.0
2021-05-01,17:00:00,Primera,Peru,6,Binacional,Melgar Arequipa,0,1,0,1,D,"""[{'date': datetime.date(2020, 2, 8), 'gf': 2, 'ga': 4, 'venue': 'hh'}, {'date': datetime.date(2019, 10, 14), 'gf': 0, 'ga': 1, 'venue': 'ha'}, {'date': datetime.date(2019, 6, 23), 'gf': 1, 'ga': 0, 'venue': 'ha'}, {'date': datetime.date(2019, 4, 28), 'gf': 3, 'ga': 1, 'venue': 'hh'}, {'date': datetime.date(2018, 9, 22), 'gf': 0, 'ga': 4, 'venue': 'hh'}, {'date': datetime.date(2018, 6, 2), 'gf': 1, 'ga': 2, 'venue': 'ha'}, {'date': datetime.date(2018, 4, 12), 'gf': 2, 'ga': 2, 'venue': 'hh'}, {'date': datetime.date(2018, 2, 25), 'gf': 1, 'ga': 1, 'venue': 'ha'}]""","""[]""","""[]""",5,2,5,2,9,14,6,14,1.0,2.6,1.0,2.5,1.0,1.2,1.0,2.0,0.6,1.5,1.0,0.5,2,2,1,1,0,1,2,1,1,2,0,0,45,44,22,33,2.49,1.29,1.2,69,69,42,64,51,33,4.2,1.85,1.85,1.83,1.22,1.25,3.75,1.85,1.95,3.0,1.36,1.72,2.0,34,25,41,45,55,81,19,63,37,31,69,47,2.0
2021-05-01,00:00:00,Primera,Peru,6,Sport Boys,Dep. Municipal,1,2,0,1,H,"""[{'date': datetime.date(2020, 11, 5), 'gf': 1, 'ga': 0, 'venue': 'hh'}, {'date': datetime.date(2020, 9, 26), 'gf': 1, 'ga': 1, 'venue': 'hh'}, {'date': datetime.date(2019, 9, 8), 'gf': 2, 'ga': 1, 'venue': 'hh'}, {'date': datetime.date(2019, 3, 24), 'gf': 1, 'ga': 3, 'venue': 'ha'}, {'date': datetime.date(2018, 9, 18), 'gf': 0, 'ga': 0, 'venue': 'ha'}, {'date': datetime.date(2018, 7, 15), 'gf': 1, 'ga': 1, 'venue': 'hh'}, {'date': datetime.date(2018, 4, 29), 'gf': 0, 'ga': 2, 'venue': 'hh'}, {'date': datetime.date(2018, 3, 11), 'gf': 2, 'ga': 3, 'venue': 'ha'}]""","""[]""","""[]""",5,2,5,2,6,11,8,16,1.4,1.8,2.5,2.5,0.6,2.0,0.5,2.0,0.8,1.5,0.6,0.0,2,2,2,2,0,0,1,1,1,1,1,0,45,44,22,33,2.49,1.29,1.2,69,69,42,64,51,33,2.15,3.5,3.5,1.28,1.66,1.28,3.5,1.95,1.85,3.25,1.33,1.72,2.0,56,6,38,59,41,61,39,57,43,44,56,47,2.0
2021-05-02,21:30:00,Primera,Peru,6,Sp. Cristal,Alianza Lima,1,1,1,0,H,"""[{'date': datetime.date(2020, 8, 25), 'gf': 1, 'ga': 1, 'venue': 'hh'}, {'date': datetime.date(2019, 12, 5), 'gf': 1, 'ga': 1, 'venue': 'hh'}, {'date': datetime.date(2019, 12, 1), 'gf': 0, 'ga': 1, 'venue': 'ha'}, {'date': datetime.date(2019, 7, 20), 'gf': 1, 'ga': 2, 'venue': 'ha'}, {'date': datetime.date(2019, 2, 24), 'gf': 1, 'ga': 0, 'venue': 'hh'}, {'date': datetime.date(2018, 12, 16), 'gf': 3, 'ga': 0, 'venue': 'hh'}, {'date': datetime.date(2018, 12, 13), 'gf': 4, 'ga': 1, 'venue': 'ha'}, {'date': datetime.date(2018, 9, 17), 'gf': 2, 'ga': 2, 'venue': 'ha'}, {'date': datetime.date(2018, 5, 31), 'gf': 1, 'ga': 2, 'venue': 'hh'}, {'date': datetime.date(2018, 4, 8), 'gf': 3, 'ga': 0, 'venue': 'hh'}, {'date': datetime.date(2018, 2, 18), 'gf': 2, 'ga': 0, 'venue': 'ha'}, {'date': datetime.date(2017, 9, 24), 'gf': 1, 'ga': 2, 'venue': 'ha'}]""","""[]""","""[]""",4,2,4,1,1,1,6,12,2.4,0.2,2.0,0.5,1.25,1.0,0.0,0.0,3.0,3.0,1.5,1.0,1,1,1,1,1,0,0,0,0,0,1,1,48,44,23,33,2.52,1.31,1.21,71,71,46,67,52,33,1.61,5.5,5.5,1.14,2.2,1.28,3.5,1.95,1.85,3.4,1.3,1.83,1.83,42,35,23,77,23,58,42,54,46,41,59,38,1.83
2021-05-03,17:00:00,Primera,Peru,6,Sport Huancayo,Alianza Huanuco,0,3,0,3,D,"""[{'date': datetime.date(2020, 10, 5), 'gf': 0, 'ga': 1, 'venue': 'hh'}, {'date': datetime.date(2019, 10, 27), 'gf': 4, 'ga': 2, 'venue': 'ha'}, {'date': datetime.date(2019, 5, 11), 'gf': 2, 'ga': 0, 'venue': 'hh'}]""","""[]""","""[]""",5,2,5,2,3,9,4,9,1.0,0.6,1.5,0.0,0.8,1.0,1.0,1.0,2.0,2.0,1.8,1.5,1,1,0,0,2,1,1,1,0,1,0,1,49,45,22,33,2.53,1.33,1.2,71,71,47,67,53,33,2.0,3.4,3.4,1.28,1.66,1.36,3.0,2.15,1.66,3.75,1.25,1.9,1.8,38,32,30,62,38,49,51,44,56,15,85,22,1.8
2021-05-03,21:30:00,Primera,Peru,6,Un. Cesar Vallejo,Cusco,1,0,0,1,D,"""[{'date': datetime.date(2020, 11, 24), 'gf': 1, 'ga': 1, 'venue': 'ha'}, {'date': datetime.date(2020, 3, 7), 'gf': 1, 'ga': 2, 'venue': 'ha'}, {'date': datetime.date(2019, 10, 14), 'gf': 0, 'ga': 2, 'venue': 'ha'}, {'date': datetime.date(2019, 4, 27), 'gf': 1, 'ga': 0, 'venue': 'hh'}, {'date': datetime.date(2016, 11, 20), 'gf': 0, 'ga': 2, 'venue': 'ha'}, {'date': datetime.date(2016, 9, 24), 'gf': 2, 'ga': 0, 'venue': 'hh'}, {'date': datetime.date(2016, 5, 18), 'gf': 1, 'ga': 1, 'venue': 'hh'}, {'date': datetime.date(2016, 4, 6), 'gf': 2, 'ga': 5, 'venue': 'ha'}, {'date': datetime.date(2015, 12, 15), 'gf': 3, 'ga': 0, 'venue': 'hh'}, {'date': datetime.date(2015, 12, 12), 'gf': 0, 'ga': 1, 'venue': 'ha'}, {'date': datetime.date(2015, 9, 29), 'gf': 0, 'ga': 4, 'venue': 'ha'}, {'date': datetime.date(2015, 5, 24), 'gf': 2, 'ga': 0, 'venue': 'hh'}]""","""[]""","""[]""",5,2,5,2,2,13,8,13,2.2,1.2,1.0,1.0,1.2,1.6,1.0,1.5,2.0,1.5,0.6,0.5,1,1,0,1,0,1,1,1,1,1,1,0,49,45,22,33,2.53,1.33,1.2,71,71,47,67,53,33,1.9,4.0,4.0,1.22,1.8,1.28,3.5,1.9,1.9,3.4,1.3,1.8,1.9,39,33,28,67,33,69,31,64,36,50,50,55,1.9
2021-05-04,00:00:00,Primera,Peru,6,Cienciano,Carlos Mannucci,3,2,1,1,H,"""[{'date': datetime.date(2020, 3, 7), 'gf': 2, 'ga': 0, 'venue': 'ha'}]""","""[]""","""[]""",5,2,5,2,2,4,4,13,1.4,0.6,1.0,0.0,1.6,1.4,1.5,2.0,2.2,3.0,1.4,0.5,0,0,0,0,2,0,2,2,1,2,0,0,51,43,25,31,2.59,1.35,1.24,73,73,49,69,53,33,2.1,3.4,3.4,1.3,1.66,1.4,2.75,2.25,1.61,4.33,1.2,2.0,1.72,45,26,29,60,40,75,25,44,56,30,70,48,1.72
2021-05-07,17:00:00,Primera,Peru,7,Acad. Cantolao,Sport Boys,1,1,1,0,H,"""[{'date': datetime.date(2020, 10, 3), 'gf': 2, 'ga': 1, 'venue': 'ha'}, {'date': datetime.date(2019, 8, 31), 'gf': 1, 'ga': 2, 'venue': 'hh'}, {'date': datetime.date(2019, 3, 16), 'gf': 0, 'ga': 0, 'venue': 'ha'}, {'date': datetime.date(2018, 10, 21), 'gf': 1, 'ga': 3, 'venue': 'ha'}, {'date': datetime.date(2018, 7, 25), 'gf': 2, 'ga': 2, 'venue': 'hh'}, {'date': datetime.date(2018, 4, 22), 'gf': 2, 'ga': 2, 'venue': 'hh'}, {'date': datetime.date(2018, 3, 4), 'gf': 1, 'ga': 1, 'venue': 'ha'}]""","""[]""","""[]""",6,3,6,3,9,14,5,14,0.5,1.67,1.0,1.33,1.67,1.67,0.67,1.33,0.5,1.0,1.17,0.33,2,1,1,1,0,2,1,1,1,1,2,0,52,44,25,31,2.67,1.42,1.25,73,73,50,69,54,35,3.6,2.0,2.0,1.72,1.28,1.28,3.5,1.9,1.9,3.25,1.33,1.72,2.0,40,17,43,48,52,67,33,51,49,39,61,44,2.0
2021-05-07,21:30:00,Primera,Peru,7,Alianza Lima,Binacional,0,2,0,0,H,"""[{'date': datetime.date(2020, 8, 10), 'gf': 3, 'ga': 0, 'venue': 'hh'}, {'date': datetime.date(2019, 12, 15), 'gf': 2, 'ga': 0, 'venue': 'hh'}, {'date': datetime.date(2019, 12, 8), 'gf': 1, 'ga': 4, 'venue': 'ha'}, {'date': datetime.date(2019, 11, 10), 'gf': 0, 'ga': 0, 'venue': 'ha'}, {'date': datetime.date(2019, 7, 5), 'gf': 1, 'ga': 4, 'venue': 'ha'}, {'date': datetime.date(2019, 5, 26), 'gf': 2, 'ga': 1, 'venue': 'hh'}, {'date': datetime.date(2018, 11, 25), 'gf': 2, 'ga': 3, 'venue': 'ha'}, {'date': datetime.date(2018, 8, 26), 'gf': 2, 'ga': 1, 'venue': 'hh'}]""","""[]""","""[]""",6,3,6,3,6,9,8,16,1.2,1.2,1.67,1.33,1.0,2.33,1.0,2.67,1.2,1.67,0.67,0.0,2,2,2,2,1,0,3,3,1,2,1,0,52,44,25,31,2.67,1.42,1.25,73,73,50,69,54,35,1.8,4.33,4.33,1.2,1.9,1.22,4.0,1.72,2.07,2.75,1.4,1.66,2.1,40,33,27,70,30,76,24,65,35,35,65,58,2.1
2021-05-07,19:15:00,Primera,Peru,7,UTC Cajamarca,Un. San Martin,0,0,0,1,A,"""[{'date': datetime.date(2020, 11, 19), 'gf': 1, 'ga': 1, 'venue': 'ha'}, {'date': datetime.date(2020, 9, 22), 'gf': 1, 'ga': 1, 'venue': 'ha'}, {'date': datetime.date(2019, 7, 13), 'gf': 0, 'ga': 2, 'venue': 'hh'}, {'date': datetime.date(2019, 2, 16), 'gf': 1, 'ga': 1, 'venue': 'ha'}, {'date': datetime.date(2018, 8, 31), 'gf': 0, 'ga': 0, 'venue': 'hh'}, {'date': datetime.date(2018, 5, 20), 'gf': 0, 'ga': 0, 'venue': 'ha'}, {'date': datetime.date(2018, 4, 11), 'gf': 2, 'ga': 2, 'venue': 'ha'}, {'date': datetime.date(2018, 2, 25), 'gf': 0, 'ga': 0, 'venue': 'hh'}, {'date': datetime.date(2017, 9, 22), 'gf': 2, 'ga': 0, 'venue': 'ha'}, {'date': datetime.date(2017, 6, 19), 'gf': 3, 'ga': 1, 'venue': 'hh'}, {'date': datetime.date(2016, 10, 18), 'gf': 0, 'ga': 6, 'venue': 'ha'}, {'date': datetime.date(2016, 8, 19), 'gf': 5, 'ga': 0, 'venue': 'hh'}]""","""[]""","""[]""",6,3,6,3,4,11,3,8,1.4,1.4,2.0,2.0,1.17,1.0,1.33,1.33,1.4,1.33,1.67,1.33,3,3,3,3,0,0,3,1,1,1,1,1,52,44,25,31,2.67,1.42,1.25,73,73,50,69,54,35,2.5,2.8,2.8,1.4,1.5,1.33,3.25,2.07,1.72,3.75,1.25,1.8,1.9,33,30,37,47,53,65,35,49,51,37,63,47,1.9
2021-05-08,21:30:00,Primera,Peru,7,Cusco,Sp. Cristal,1,0,1,1,A,"""[{'date': datetime.date(2020, 2, 9), 'gf': 2, 'ga': 3, 'venue': 'ha'}, {'date': datetime.date(2019, 10, 6), 'gf': 0, 'ga': 3, 'venue': 'ha'}, {'date': datetime.date(2019, 4, 19), 'gf': 1, 'ga': 1, 'venue': 'hh'}, {'date': datetime.date(2018, 9, 28), 'gf': 2, 'ga': 2, 'venue': 'hh'}, {'date': datetime.date(2018, 6, 6), 'gf': 1, 'ga': 5, 'venue': 'ha'}, {'date': datetime.date(2017, 9, 16), 'gf': 0, 'ga': 0, 'venue': 'ha'}, {'date': datetime.date(2017, 6, 13), 'gf': 1, 'ga': 0, 'venue': 'hh'}, {'date': datetime.date(2016, 10, 30), 'gf': 1, 'ga': 0, 'venue': 'hh'}, {'date': datetime.date(2016, 9, 10), 'gf': 1, 'ga': 2, 'venue': 'ha'}, {'date': datetime.date(2016, 5, 28), 'gf': 1, 'ga': 3, 'venue': 'ha'}, {'date': datetime.date(2016, 2, 21), 'gf': 1, 'ga': 1, 'venue': 'hh'}, {'date': datetime.date(2015, 11, 7), 'gf': 0, 'ga': 0, 'venue': 'ha'}]""","""[]""","""[]""",6,3,6,3,7,16,1,1,1.17,1.5,1.33,1.67,2.33,0.33,2.67,0.0,0.67,0.67,3.0,3.0,2,2,2,2,0,1,2,2,1,0,0,3,55,45,24,31,2.64,1.42,1.22,73,73,49,69,53,33,3.5,2.0,2.0,1.66,1.25,1.25,3.75,1.8,2.0,3.0,1.36,1.66,2.1,22,33,45,32,68,67,33,56,44,38,62,49,2.1
2021-05-08,17:00:00,Primera,Peru,7,Melgar Arequipa,Alianza Atl.,0,1,0,3,A,"""[{'date': datetime.date(2017, 9, 18), 'gf': 2, 'ga': 0, 'venue': 'hh'}, {'date': datetime.date(2017, 6, 15), 'gf': 0, 'ga': 1, 'venue': 'ha'}, {'date': datetime.date(2017, 4, 29), 'gf': 2, 'ga': 1, 'venue': 'hh'}, {'date': datetime.date(2017, 2, 23), 'gf': 1, 'ga': 0, 'venue': 'ha'}, {'date': datetime.date(2016, 7, 30), 'gf': 2, 'ga': 0, 'venue': 'hh'}, {'date': datetime.date(2016, 4, 23), 'gf': 0, 'ga': 1, 'venue': 'ha'}, {'date': datetime.date(2015, 10, 16), 'gf': 0, 'ga': 0, 'venue': 'ha'}, {'date': datetime.date(2015, 7, 12), 'gf': 2, 'ga': 1, 'venue': 'hh'}, {'date': datetime.date(2011, 12, 4), 'gf': 1, 'ga': 2, 'venue': 'ha'}, {'date': datetime.date(2011, 5, 24), 'gf': 0, 'ga': 1, 'venue': 'hh'}, {'date': datetime.date(2010, 11, 6), 'gf': 1, 'ga': 1, 'venue': 'ha'}, {'date': datetime.date(2010, 9, 19), 'gf': 3, 'ga': 3, 'venue': 'hh'}]""","""[]""","""[]""",5,3,5,3,7,11,9,9,1.0,1.17,1.0,0.67,1.0,1.4,1.33,1.33,1.0,1.33,0.6,1.0,2,1,0,0,2,2,2,2,1,2,1,0,55,45,24,31,2.64,1.42,1.22,73,73,49,69,53,33,1.66,4.75,4.75,1.18,2.1,1.28,3.5,1.95,1.85,3.4,1.3,1.83,1.83,48,22,30,61,39,67,33,45,55,22,78,49,1.83
2021-05-08,19:15:00,Primera,Peru,7,Un. de Deportes,Cienciano,1,2,0,2,H,"""[{'date': datetime.date(2020, 11, 3), 'gf': 0, 'ga': 1, 'venue': 'hh'}, {'date': datetime.date(2020, 8, 31), 'gf': 3, 'ga': 1, 'venue': 'ha'}, {'date': datetime.date(2015, 9, 20), 'gf': 2, 'ga': 1, 'venue': 'hh'}, {'date': datetime.date(2015, 5, 16), 'gf': 0, 'ga': 1, 'venue': 'ha'}, {'date': datetime.date(2014, 9, 14), 'gf': 2, 'ga': 0, 'venue': 'hh'}, {'date': datetime.date(2014, 6, 15), 'gf': 2, 'ga': 1, 'venue': 'ha'}, {'date': datetime.date(2014, 4, 28), 'gf': 2, 'ga': 0, 'venue': 'hh'}, {'date': datetime.date(2014, 3, 9), 'gf': 0, 'ga': 1, 'venue': 'ha'}, {'date': datetime.date(2013, 10, 20), 'gf': 1, 'ga': 1, 'venue': 'ha'}, {'date': datetime.date(2013, 8, 31), 'gf': 1, 'ga': 1, 'venue': 'hh'}, {'date': datetime.date(2013, 6, 15), 'gf': 0, 'ga': 0, 'venue': 'hh'}, {'date': datetime.date(2013, 3, 2), 'gf': 1, 'ga': 1, 'venue': 'ha'}]""","""[]""","""[]""",6,2,6,3,5,17,1,7,1.0,1.2,0.5,1.0,2.0,0.83,1.67,1.0,1.4,0.5,2.33,1.67,1,0,0,1,0,1,3,1,1,2,0,1,55,45,24,31,2.64,1.42,1.22,73,73,49,69,53,33,2.4,2.9,2.9,1.4,1.53,1.3,3.4,2.0,1.8,3.5,1.28,1.8,1.9,20,48,32,38,62,65,35,42,58,28,72,53,1.9
2021-05-09,00:00:00,Primera,Peru,7,Carlos Mannucci,Ayacucho,0,1,0,1,D,"""[{'date': datetime.date(2020, 11, 30), 'gf': 0, 'ga': 1, 'venue': 'ha'}, {'date': datetime.date(2020, 9, 2), 'gf': 2, 'ga': 1, 'venue': 'ha'}, {'date': datetime.date(2019, 7, 12), 'gf': 0, 'ga': 1, 'venue': 'ha'}, {'date': datetime.date(2019, 2, 16), 'gf': 4, 'ga': 4, 'venue': 'hh'}]""","""[]""","""[]""",6,3,6,3,6,5,3,3,1.67,2.0,1.67,1.0,1.67,0.67,1.33,0.33,1.17,2.0,2.0,2.33,3,1,1,1,2,0,1,1,1,1,1,2,58,45,22,33,2.71,1.43,1.28,74,74,52,71,55,34,3.3,2.05,2.05,1.66,1.3,1.28,3.5,1.9,1.9,3.25,1.33,1.72,2.0,35,22,43,45,55,78,22,56,44,38,62,55,2.0
2021-05-09,21:30:00,Primera,Peru,7,Sport Huancayo,Un. Cesar Vallejo,0,0,0,0,D,"""[{'date': datetime.date(2020, 11, 12), 'gf': 0, 'ga': 0, 'venue': 'hh'}, {'date': datetime.date(2020, 8, 31), 'gf': 0, 'ga': 2, 'venue': 'ha'}, {'date': datetime.date(2019, 7, 23), 'gf': 2, 'ga': 0, 'venue': 'hh'}, {'date': datetime.date(2019, 2, 23), 'gf': 2, 'ga': 2, 'venue': 'ha'}, {'date': datetime.date(2016, 7, 2), 'gf': 1, 'ga': 3, 'venue': 'ha'}, {'date': datetime.date(2016, 2, 28), 'gf': 2, 'ga': 0, 'venue': 'hh'}, {'date': datetime.date(2015, 9, 26), 'gf': 0, 'ga': 0, 'venue': 'ha'}, {'date': datetime.date(2015, 5, 19), 'gf': 1, 'ga': 1, 'venue': 'hh'}, {'date': datetime.date(2014, 10, 19), 'gf': 3, 'ga': 1, 'venue': 'hh'}, {'date': datetime.date(2014, 7, 16), 'gf': 0, 'ga': 2, 'venue': 'ha'}, {'date': datetime.date(2014, 5, 10), 'gf': 0, 'ga': 5, 'venue': 'ha'}, {'date': datetime.date(2014, 3, 22), 'gf': 2, 'ga': 2, 'venue': 'hh'}]""","""[]""","""[]""",6,3,6,3,3,9,2,2,1.33,1.0,2.0,1.0,2.0,1.17,3.0,1.33,1.83,1.67,1.83,2.33,2,2,1,1,2,1,3,3,3,2,0,1,58,45,22,33,2.71,1.43,1.28,74,74,52,71,55,34,3.0,2.3,2.3,1.53,1.33,1.4,2.75,2.25,1.62,4.33,1.2,2.0,1.72,31,33,36,43,57,68,32,57,43,33,67,45,1.72
2021-05-10,19:00:00,Primera,Peru,7,Dep. Municipal,Alianza Huanuco,1,0,0,0,H,"""[{'date': datetime.date(2020, 8, 31), 'gf': 1, 'ga': 1, 'venue': 'ha'}, {'date': datetime.date(2019, 7, 21), 'gf': 1, 'ga': 2, 'venue': 'ha'}, {'date': datetime.date(2019, 2, 24), 'gf': 0, 'ga': 0, 'venue': 'hh'}]""","""[]""","""[]""",6,3,6,3,9,16,4,9,0.67,2.17,0.67,2.0,1.17,1.33,1.67,1.67,0.5,1.0,1.67,1.33,2,2,1,1,0,2,2,2,1,2,0,1,60,43,25,32,2.65,1.4,1.25,73,73,52,70,53,33,2.7,2.4,2.4,1.5,1.4,1.3,3.4,2.0,1.8,3.5,1.28,1.72,2.0,33,32,35,47,53,62,38,56,44,33,67,45,2.0
2021-05-15,21:30:00,Primera,Peru,8,Ayacucho,Un. de Deportes,2,1,1,2,D,"""[{'date': datetime.date(2020, 9, 19), 'gf': 0, 'ga': 1, 'venue': 'ha'}, {'date': datetime.date(2019, 11, 10), 'gf': 2, 'ga': 3, 'venue': 'ha'}, {'date': datetime.date(2019, 5, 25), 'gf': 2, 'ga': 0, 'venue': 'hh'}, {'date': datetime.date(2018, 9, 29), 'gf': 4, 'ga': 2, 'venue': 'hh'}, {'date': datetime.date(2018, 6, 10), 'gf': 1, 'ga': 1, 'venue': 'ha'}, {'date': datetime.date(2018, 4, 20), 'gf': 4, 'ga': 2, 'venue': 'hh'}, {'date': datetime.date(2018, 3, 4), 'gf': 1, 'ga': 1, 'venue': 'ha'}, {'date': datetime.date(2017, 11, 26), 'gf': 3, 'ga': 3, 'venue': 'hh'}, {'date': datetime.date(2017, 7, 30), 'gf': 0, 'ga': 2, 'venue': 'ha'}, {'date': datetime.date(2016, 11, 23), 'gf': 1, 'ga': 1, 'venue': 'hh'}, {'date': datetime.date(2016, 10, 2), 'gf': 2, 'ga': 4, 'venue': 'ha'}, {'date': datetime.date(2016, 5, 15), 'gf': 2, 'ga': 0, 'venue': 'ha'}]""","""[]""","""[]""",7,3,7,3,2,12,4,6,1.57,0.71,2.0,1.0,1.29,1.14,1.33,1.33,1.86,1.67,1.86,2.0,3,2,1,2,1,0,2,2,1,2,0,1,63,44,25,30,2.56,1.37,1.19,73,70,49,67,51,32,2.25,2.8,2.8,1.36,1.53,1.28,3.5,1.93,1.88,3.25,1.33,1.72,2.0,33,34,33,50,50,65,35,45,55,29,71,54,2.0
2021-05-15,17:00:00,Primera,Peru,8,Binacional,Un. Cesar Vallejo,0,1,2,0,A,"""[{'date': datetime.date(2020, 2, 15), 'gf': 2, 'ga': 0, 'venue': 'ha'}, {'date': datetime.date(2019, 7, 13), 'gf': 1, 'ga': 1, 'venue': 'ha'}, {'date': datetime.date(2019, 2, 16), 'gf': 1, 'ga': 0, 'venue': 'hh'}]""","""[]""","""[]""",7,3,7,4,9,16,2,2,0.86,2.29,1.0,2.0,1.71,1.0,2.25,1.0,0.57,1.33,1.71,2.0,3,2,1,2,0,1,3,3,3,2,1,2,63,44,25,30,2.56,1.37,1.19,73,70,49,67,51,32,4.75,1.66,1.66,2.0,1.16,1.28,3.5,1.95,1.85,3.25,1.33,1.83,1.83,21,38,41,34,66,79,21,59,41,34,66,54,1.83
2021-05-15,19:15:00,Primera,Peru,8,Dep. Municipal,Cusco,1,0,1,0,D,"""[{'date': datetime.date(2020, 11, 10), 'gf': 1, 'ga': 1, 'venue': 'hh'}, {'date': datetime.date(2020, 10, 13), 'gf': 1, 'ga': 1, 'venue': 'ha'}, {'date': datetime.date(2019, 10, 25), 'gf': 0, 'ga': 1, 'venue': 'ha'}, {'date': datetime.date(2019, 5, 12), 'gf': 1, 'ga': 1, 'venue': 'hh'}, {'date': datetime.date(2018, 10, 3), 'gf': 3, 'ga': 3, 'venue': 'ha'}, {'date': datetime.date(2018, 7, 22), 'gf': 2, 'ga': 0, 'venue': 'hh'}, {'date': datetime.date(2018, 4, 1), 'gf': 3, 'ga': 0, 'venue': 'hh'}, {'date': datetime.date(2018, 2, 9), 'gf': 1, 'ga': 5, 'venue': 'ha'}, {'date': datetime.date(2017, 11, 18), 'gf': 0, 'ga': 0, 'venue': 'hh'}, {'date': datetime.date(2017, 8, 9), 'gf': 1, 'ga': 2, 'venue': 'ha'}, {'date': datetime.date(2017, 3, 11), 'gf': 1, 'ga': 1, 'venue': 'hh'}, {'date': datetime.date(2017, 2, 5), 'gf': 0, 'ga': 1, 'venue': 'ha'}]""","""[]""","""[]""",7,4,7,3,7,11,8,11,0.71,1.86,0.75,1.5,1.14,1.57,1.0,1.33,0.86,1.5,0.57,0.67,2,2,1,1,1,2,2,1,1,2,1,0,63,44,25,30,2.56,1.37,1.19,73,70,49,67,51,32,2.7,2.4,2.4,1.5,1.4,1.28,3.5,1.9,1.9,3.25,1.33,1.66,2.1,38,33,29,56,44,65,35,55,45,39,61,54,2.1
2021-05-16,17:00:00,Primera,Peru,8,Carlos Mannucci,Melgar Arequipa,1,1,1,0,H,"""[{'date': datetime.date(2021, 4, 9), 'gf': 2, 'ga': 3, 'venue': 'ha'}, {'date': datetime.date(2021, 3, 19), 'gf': 1, 'ga': 2, 'venue': 'hh'}, {'date': datetime.date(2020, 11, 12), 'gf': 0, 'ga': 0, 'venue': 'hh'}, {'date': datetime.date(2020, 10, 10), 'gf': 1, 'ga': 1, 'venue': 'hh'}, {'date': datetime.date(2019, 9, 23), 'gf': 1, 'ga': 0, 'venue': 'ha'}, {'date': datetime.date(2019, 4, 6), 'gf': 0, 'ga': 1, 'venue': 'hh'}]""","""[]""","""[]""",7,4,7,3,5,4,8,13,1.57,1.86,1.5,1.0,1.0,1.43,1.0,1.67,1.14,1.75,0.86,0.67,4,1,1,2,2,0,3,1,1,3,0,0,66,42,27,30,2.61,1.38,1.23,74,71,52,68,52,32,2.7,2.4,2.4,1.5,1.4,1.28,3.5,1.95,1.85,3.25,1.33,1.66,2.1,37,42,21,63,37,84,16,50,50,34,66,60,2.1
2021-05-16,00:00:00,Primera,Peru,8,Cienciano,Un. San Martin,0,0,0,1,A,"""[{'date': datetime.date(2020, 11, 30), 'gf': 2, 'ga': 1, 'venue': 'ha'}, {'date': datetime.date(2020, 2, 9), 'gf': 4, 'ga': 0, 'venue': 'hh'}, {'date': datetime.date(2015, 11, 29), 'gf': 3, 'ga': 0, 'venue': 'hh'}, {'date': datetime.date(2015, 8, 22), 'gf': 1, 'ga': 1, 'venue': 'ha'}, {'date': datetime.date(2015, 3, 21), 'gf': 1, 'ga': 2, 'venue': 'ha'}, {'date': datetime.date(2015, 2, 15), 'gf': 1, 'ga': 0, 'venue': 'hh'}, {'date': datetime.date(2014, 10, 2), 'gf': 3, 'ga': 2, 'venue': 'hh'}, {'date': datetime.date(2014, 7, 5), 'gf': 1, 'ga': 0, 'venue': 'ha'}, {'date': datetime.date(2014, 4, 6), 'gf': 3, 'ga': 0, 'venue': 'hh'}, {'date': datetime.date(2014, 2, 14), 'gf': 0, 'ga': 2, 'venue': 'ha'}, {'date': datetime.date(2013, 11, 29), 'gf': 1, 'ga': 0, 'venue': 'ha'}, {'date': datetime.date(2013, 10, 6), 'gf': 1, 'ga': 0, 'venue': 'hh'}]""","""[]""","""[]""",7,3,7,4,1,1,4,4,2.0,1.14,2.33,0.67,1.14,0.86,1.25,1.0,2.0,3.0,1.86,1.75,1,1,1,1,2,0,3,1,1,1,1,2,66,42,27,30,2.61,1.38,1.23,74,71,52,68,52,32,1.9,3.8,3.8,1.22,1.72,1.33,3.25,2.05,1.75,3.5,1.28,1.83,1.83,46,16,38,54,46,65,35,40,60,29,71,44,1.83
2021-05-16,21:30:00,Primera,Peru,8,Sp. Cristal,Sport Huancayo,1,1,0,0,H,"""[{'date': datetime.date(2020, 2, 22), 'gf': 0, 'ga': 0, 'venue': 'hh'}, {'date': datetime.date(2019, 7, 13), 'gf': 3, 'ga': 0, 'venue': 'hh'}, {'date': datetime.date(2019, 2, 17), 'gf': 2, 'ga': 0, 'venue': 'ha'}, {'date': datetime.date(2018, 11, 8), 'gf': 1, 'ga': 1, 'venue': 'ha'}, {'date': datetime.date(2018, 8, 14), 'gf': 0, 'ga': 0, 'venue': 'hh'}, {'date': datetime.date(2018, 5, 13), 'gf': 1, 'ga': 0, 'venue': 'hh'}, {'date': datetime.date(2018, 5, 6), 'gf': 1, 'ga': 1, 'venue': 'ha'}, {'date': datetime.date(2017, 8, 20), 'gf': 1, 'ga': 2, 'venue': 'ha'}, {'date': datetime.date(2017, 5, 27), 'gf': 2, 'ga': 0, 'venue': 'hh'}, {'date': datetime.date(2016, 5, 15), 'gf': 1, 'ga': 3, 'venue': 'ha'}, {'date': datetime.date(2016, 2, 6), 'gf': 0, 'ga': 0, 'venue': 'hh'}, {'date': datetime.date(2015, 11, 5), 'gf': 3, 'ga': 5, 'venue': 'ha'}]""","""[]""","""[]""",7,3,7,3,1,2,3,7,2.29,0.43,2.0,0.67,1.14,0.86,0.67,1.0,3.0,3.0,1.71,2.0,2,2,1,2,1,0,1,1,0,0,1,2,66,42,27,30,2.61,1.38,1.23,74,71,52,68,52,32,1.66,4.5,4.5,1.16,2.0,1.28,3.5,1.85,1.95,3.25,1.33,1.8,1.9,41,33,26,73,27,60,40,55,45,24,76,36,1.9
2021-05-17,21:30:00,Primera,Peru,8,Alianza Atl.,Acad. Cantolao,0,0,1,0,A,"""[{'date': datetime.date(2017, 8, 18), 'gf': 0, 'ga': 0, 'venue': 'hh'}, {'date': datetime.date(2017, 5, 28), 'gf': 1, 'ga': 2, 'venue': 'ha'}, {'date': datetime.date(2017, 5, 2), 'gf': 0, 'ga': 1, 'venue': 'hh'}, {'date': datetime.date(2017, 2, 28), 'gf': 1, 'ga': 0, 'venue': 'ha'}]""","""[]""","""[]""",7,3,7,3,6,18,9,17,1.14,1.14,0.33,1.0,0.71,1.57,0.0,2.0,1.0,0.33,0.86,0.0,1,1,0,1,1,2,2,1,0,0,3,0,69,43,26,30,2.58,1.38,1.2,74,71,51,68,51,30,2.3,3.1,3.1,1.33,1.53,1.33,3.25,2.1,1.7,3.75,1.25,1.8,1.9,46,23,31,59,41,63,37,47,53,23,77,43,1.9
2021-05-17,17:00:00,Primera,Peru,8,Alianza Huanuco,UTC Cajamarca,0,1,1,1,A,"""[{'date': datetime.date(2020, 11, 13), 'gf': 2, 'ga': 1, 'venue': 'ha'}, {'date': datetime.date(2020, 10, 1), 'gf': 0, 'ga': 0, 'venue': 'hh'}, {'date': datetime.date(2019, 8, 25), 'gf': 2, 'ga': 1, 'venue': 'hh'}, {'date': datetime.date(2019, 3, 11), 'gf': 1, 'ga': 2, 'venue': 'ha'}]""","""[]""","""[]""",7,3,7,3,5,12,7,11,1.0,1.29,0.67,1.0,1.0,1.29,0.33,0.67,1.43,2.0,1.0,1.0,1,1,0,0,2,1,0,0,0,0,2,1,69,43,26,30,2.58,1.38,1.2,74,71,51,68,51,30,3.0,2.3,2.3,1.53,1.33,1.36,3.0,2.2,1.65,4.0,1.22,1.83,1.83,52,7,41,56,44,51,49,45,55,29,71,40,1.83
2021-05-17,19:15:00,Primera,Peru,8,Sport Boys,Alianza Lima,0,0,0,2,A,"""[{'date': datetime.date(2020, 11, 21), 'gf': 2, 'ga': 0, 'venue': 'ha'}, {'date': datetime.date(2020, 10, 7), 'gf': 1, 'ga': 1, 'venue': 'ha'}, {'date': datetime.date(2019, 7, 14), 'gf': 1, 'ga': 2, 'venue': 'hh'}, {'date': datetime.date(2019, 2, 16), 'gf': 0, 'ga': 3, 'venue': 'ha'}, {'date': datetime.date(2018, 10, 14), 'gf': 1, 'ga': 1, 'venue': 'hh'}, {'date': datetime.date(2018, 5, 27), 'gf': 0, 'ga': 1, 'venue': 'ha'}, {'date': datetime.date(2012, 10, 28), 'gf': 0, 'ga': 4, 'venue': 'hh'}, {'date': datetime.date(2012, 8, 26), 'gf': 0, 'ga': 4, 'venue': 'ha'}, {'date': datetime.date(2012, 8, 8), 'gf': 0, 'ga': 1, 'venue': 'hh'}, {'date': datetime.date(2012, 5, 19), 'gf': 1, 'ga': 2, 'venue': 'ha'}, {'date': datetime.date(2011, 12, 4), 'gf': 0, 'ga': 3, 'venue': 'ha'}, {'date': datetime.date(2011, 5, 22), 'gf': 0, 'ga': 5, 'venue': 'hh'}]""","""[]""","""[]""",7,3,7,3,6,9,4,12,1.57,1.71,2.67,2.0,1.14,0.86,0.33,0.67,1.0,2.0,1.43,0.67,3,3,3,3,0,0,1,1,0,1,2,2,69,43,26,30,2.58,1.38,1.2,74,71,51,68,51,30,3.96,1.88,1.88,1.81,1.23,1.27,3.47,1.84,1.86,3.12,1.33,1.74,1.98,29,32,39,32,68,65,35,55,45,38,62,55,1.98
2021-05-21,21:30:00,Primera,Peru,9,Alianza Lima,Alianza Huanuco,0,2,0,0,H,"""[{'date': datetime.date(2020, 2, 1), 'gf': 2, 'ga': 3, 'venue': 'hh'}, {'date': datetime.date(2019, 11, 3), 'gf': 1, 'ga': 1, 'venue': 'hh'}, {'date': datetime.date(2019, 5, 19), 'gf': 1, 'ga': 2, 'venue': 'ha'}]""","""[]""","""[]""",8,4,8,4,3,4,5,11,1.25,0.75,1.75,1.0,1.0,1.38,1.25,1.5,1.62,2.0,1.25,1.0,3,2,2,2,2,0,2,2,1,2,1,1,72,42,25,33,2.56,1.33,1.22,72,72,50,68,50,29,1.65,4.75,4.75,1.18,2.2,1.28,3.5,1.88,1.93,3.25,1.33,1.83,1.83,42,33,25,76,24,60,40,45,55,22,78,41,1.83
2021-05-21,19:15:00,Primera,Peru,9,Cusco,Binacional,2,1,1,0,H,"""[{'date': datetime.date(2020, 2, 3), 'gf': 0, 'ga': 2, 'venue': 'hh'}, {'date': datetime.date(2019, 9, 9), 'gf': 2, 'ga': 2, 'venue': 'ha'}, {'date': datetime.date(2019, 3, 22), 'gf': 0, 'ga': 1, 'venue': 'hh'}, {'date': datetime.date(2018, 9, 11), 'gf': 4, 'ga': 1, 'venue': 'ha'}, {'date': datetime.date(2018, 5, 28), 'gf': 1, 'ga': 0, 'venue': 'hh'}, {'date': datetime.date(2018, 4, 28), 'gf': 1, 'ga': 3, 'venue': 'ha'}, {'date': datetime.date(2018, 3, 10), 'gf': 1, 'ga': 0, 'venue': 'hh'}]""","""[]""","""[]""",8,4,8,4,8,17,9,18,1.12,1.5,1.25,1.75,0.88,2.25,0.75,2.5,0.62,0.5,0.5,0.0,3,3,2,3,0,1,4,3,1,2,2,0,72,42,25,33,2.56,1.33,1.22,72,72,50,68,50,29,1.8,4.0,4.0,1.22,1.9,1.22,4.0,1.72,2.07,2.75,1.4,1.66,2.1,42,29,29,58,42,81,19,58,42,30,70,62,2.1
2021-05-22,21:30:00,Primera,Peru,9,Un. Cesar Vallejo,Sp. Cristal,1,2,0,0,H,"""[{'date': datetime.date(2020, 3, 1), 'gf': 1, 'ga': 1, 'venue': 'hh'}, {'date': datetime.date(2019, 8, 31), 'gf': 2, 'ga': 3, 'venue': 'hh'}, {'date': datetime.date(2019, 7, 6), 'gf': 1, 'ga': 1, 'venue': 'ha'}, {'date': datetime.date(2019, 3, 17), 'gf': 1, 'ga': 4, 'venue': 'ha'}, {'date': datetime.date(2016, 10, 23), 'gf': 2, 'ga': 7, 'venue': 'ha'}, {'date': datetime.date(2016, 8, 25), 'gf': 2, 'ga': 1, 'venue': 'hh'}, {'date': datetime.date(2016, 7, 9), 'gf': 1, 'ga': 1, 'venue': 'ha'}, {'date': datetime.date(2016, 5, 4), 'gf': 0, 'ga': 2, 'venue': 'hh'}, {'date': datetime.date(2015, 12, 9), 'gf': 4, 'ga': 3, 'venue': 'hh'}, {'date': datetime.date(2015, 12, 6), 'gf': 1, 'ga': 3, 'venue': 'ha'}, {'date': datetime.date(2015, 10, 21), 'gf': 0, 'ga': 2, 'venue': 'hh'}, {'date': datetime.date(2015, 7, 14), 'gf': 2, 'ga': 1, 'venue': 'ha'}]""","""[]""","""[]""",8,3,8,4,3,14,1,1,1.75,1.0,1.0,1.0,2.25,0.38,2.5,0.25,1.88,1.33,3.0,3.0,2,1,0,2,0,1,3,3,1,1,0,3,74,43,24,32,2.57,1.36,1.2,73,72,50,69,50,30,2.3,2.75,2.75,1.36,1.53,1.3,3.4,1.9,1.9,3.4,1.3,1.72,2.0,36,19,45,44,56,72,28,58,42,30,70,50,2.0
2021-05-22,19:15:00,Primera,Peru,9,UTC Cajamarca,Alianza Atl.,0,0,0,2,A,"""[{'date': datetime.date(2017, 12, 3), 'gf': 2, 'ga': 0, 'venue': 'hh'}, {'date': datetime.date(2017, 8, 13), 'gf': 0, 'ga': 0, 'venue': 'ha'}, {'date': datetime.date(2016, 11, 24), 'gf': 2, 'ga': 4, 'venue': 'ha'}, {'date': datetime.date(2016, 9, 27), 'gf': 4, 'ga': 0, 'venue': 'hh'}, {'date': datetime.date(2016, 7, 3), 'gf': 1, 'ga': 2, 'venue': 'hh'}, {'date': datetime.date(2016, 2, 29), 'gf': 0, 'ga': 2, 'venue': 'ha'}, {'date': datetime.date(2015, 9, 25), 'gf': 2, 'ga': 0, 'venue': 'hh'}, {'date': datetime.date(2015, 5, 20), 'gf': 0, 'ga': 2, 'venue': 'ha'}, {'date': datetime.date(2015, 2, 20), 'gf': 2, 'ga': 0, 'venue': 'hh'}]""","""[]""","""[]""",8,4,8,4,6,15,8,6,1.12,1.25,1.5,1.75,1.0,1.12,1.75,1.25,1.25,1.0,0.88,1.5,3,3,3,3,0,1,3,3,2,3,1,0,74,43,24,32,2.57,1.36,1.2,73,72,50,69,50,30,1.7,4.33,4.33,1.18,2.0,1.28,3.5,1.9,1.9,3.25,1.33,1.8,1.9,45,16,39,53,47,54,46,48,52,29,71,48,1.9
2021-05-23,21:30:00,Primera,Peru,9,Acad. Cantolao,Ayacucho,1,1,0,2,D,"""[{'date': datetime.date(2020, 2, 15), 'gf': 0, 'ga': 2, 'venue': 'hh'}, {'date': datetime.date(2019, 10, 5), 'gf': 1, 'ga': 2, 'venue': 'hh'}, {'date': datetime.date(2019, 4, 20), 'gf': 0, 'ga': 0, 'venue': 'ha'}, {'date': datetime.date(2018, 9, 22), 'gf': 1, 'ga': 3, 'venue': 'ha'}, {'date': datetime.date(2018, 6, 3), 'gf': 3, 'ga': 2, 'venue': 'hh'}, {'date': datetime.date(2017, 10, 24), 'gf': 0, 'ga': 0, 'venue': 'hh'}, {'date': datetime.date(2017, 7, 15), 'gf': 0, 'ga': 0, 'venue': 'ha'}, {'date': datetime.date(2017, 4, 22), 'gf': 1, 'ga': 2, 'venue': 'ha'}, {'date': datetime.date(2017, 2, 18), 'gf': 1, 'ga': 3, 'venue': 'hh'}]""","""[]""","""[]""",8,4,8,4,8,12,2,5,0.75,1.38,1.25,1.25,1.75,1.0,1.25,0.5,1.12,1.5,1.75,2.0,3,2,1,2,0,2,2,1,1,2,1,2,76,43,24,33,2.57,1.37,1.2,72,71,49,70,50,29,3.6,1.95,1.95,1.72,1.25,1.3,3.4,2.0,1.8,3.4,1.3,1.8,1.9,28,28,44,39,61,69,31,45,55,26,74,45,1.9
2021-05-23,21:30:00,Primera,Peru,9,Melgar Arequipa,Cienciano,3,0,0,0,H,"""[{'date': datetime.date(2020, 9, 23), 'gf': 1, 'ga': 3, 'venue': 'ha'}, {'date': datetime.date(2015, 10, 28), 'gf': 5, 'ga': 1, 'venue': 'hh'}, {'date': datetime.date(2015, 7, 26), 'gf': 3, 'ga': 1, 'venue': 'ha'}, {'date': datetime.date(2015, 4, 5), 'gf': 3, 'ga': 1, 'venue': 'hh'}, {'date': datetime.date(2015, 2, 8), 'gf': 0, 'ga': 3, 'venue': 'ha'}, {'date': datetime.date(2014, 9, 6), 'gf': 2, 'ga': 0, 'venue': 'ha'}, {'date': datetime.date(2014, 6, 8), 'gf': 0, 'ga': 0, 'venue': 'hh'}, {'date': datetime.date(2014, 5, 10), 'gf': 3, 'ga': 0, 'venue': 'hh'}, {'date': datetime.date(2014, 3, 23), 'gf': 0, 'ga': 0, 'venue': 'ha'}, {'date': datetime.date(2014, 1, 30), 'gf': 5, 'ga': 2, 'venue': 'ha'}, {'date': datetime.date(2013, 5, 19), 'gf': 0, 'ga': 0, 'venue': 'ha'}, {'date': datetime.date(2013, 3, 6), 'gf': 1, 'ga': 2, 'venue': 'hh'}]""","""[]""","""[]""",8,4,8,4,9,15,3,9,1.0,1.5,1.0,1.25,1.75,1.12,1.75,1.5,0.75,1.0,1.75,1.25,3,2,1,1,2,2,4,2,2,3,0,1,76,43,24,33,2.57,1.37,1.2,72,71,49,70,50,29,2.4,2.7,2.7,1.44,1.53,1.28,3.5,1.9,1.9,3.25,1.33,1.72,2.0,27,35,38,41,59,73,27,45,55,30,70,53,2.0
2021-05-23,17:00:00,Primera,Peru,9,Sport Huancayo,Sport Boys,0,0,0,1,A,"""[{'date': datetime.date(2020, 10, 30), 'gf': 2, 'ga': 3, 'venue': 'ha'}, {'date': datetime.date(2020, 9, 12), 'gf': 1, 'ga': 0, 'venue': 'ha'}, {'date': datetime.date(2019, 11, 24), 'gf': 0, 'ga': 1, 'venue': 'hh'}, {'date': datetime.date(2019, 6, 8), 'gf': 1, 'ga': 0, 'venue': 'ha'}, {'date': datetime.date(2018, 11, 4), 'gf': 0, 'ga': 2, 'venue': 'ha'}, {'date': datetime.date(2018, 8, 11), 'gf': 0, 'ga': 0, 'venue': 'hh'}, {'date': datetime.date(2018, 4, 13), 'gf': 1, 'ga': 2, 'venue': 'ha'}, {'date': datetime.date(2018, 2, 24), 'gf': 2, 'ga': 0, 'venue': 'hh'}, {'date': datetime.date(2012, 7, 7), 'gf': 0, 'ga': 2, 'venue': 'ha'}, {'date': datetime.date(2012, 4, 1), 'gf': 1, 'ga': 2, 'venue': 'hh'}, {'date': datetime.date(2011, 11, 6), 'gf': 3, 'ga': 0, 'venue': 'hh'}, {'date': datetime.date(2011, 5, 12), 'gf': 3, 'ga': 0, 'venue': 'ha'}]""","""[]""","""[]""",8,4,8,4,4,9,7,15,1.0,1.0,1.5,0.75,1.38,1.75,0.75,1.5,1.5,1.5,0.88,0.25,2,2,1,1,3,2,2,2,1,2,2,0,76,43,24,33,2.57,1.37,1.2,72,71,49,70,50,29,2.0,3.3,3.3,1.3,1.66,1.3,3.4,1.95,1.85,3.4,1.3,1.8,1.9,36,42,22,61,39,64,36,50,50,30,70,41,1.9
2021-05-23,21:30:00,Primera,Peru,9,Un. de Deportes,Carlos Mannucci,0,0,0,0,D,"""[{'date': datetime.date(2020, 9, 22), 'gf': 2, 'ga': 2, 'venue': 'ha'}, {'date': datetime.date(2019, 8, 25), 'gf': 0, 'ga': 1, 'venue': 'ha'}, {'date': datetime.date(2019, 7, 7), 'gf': 2, 'ga': 0, 'venue': 'hh'}, {'date': datetime.date(2019, 3, 10), 'gf': 1, 'ga': 0, 'venue': 'hh'}]""","""[]""","""[]""",8,4,8,3,4,6,5,16,1.5,1.38,1.25,1.0,1.62,1.75,1.67,3.0,1.75,1.75,1.38,0.33,2,1,1,2,1,1,3,3,2,3,0,0,76,43,24,33,2.57,1.37,1.2,72,71,49,70,50,29,2.37,2.7,2.7,1.4,1.5,1.25,3.75,1.85,1.95,3.25,1.33,1.66,2.1,42,28,30,58,42,77,23,54,46,34,66,62,2.1
2021-05-23,21:30:00,Primera,Peru,9,Un. San Martin,Dep. Municipal,0,1,0,0,H,"""[{'date': datetime.date(2020, 8, 19), 'gf': 0, 'ga': 1, 'venue': 'hh'}, {'date': datetime.date(2019, 11, 17), 'gf': 2, 'ga': 1, 'venue': 'ha'}, {'date': datetime.date(2019, 6, 2), 'gf': 0, 'ga': 0, 'venue': 'hh'}, {'date': datetime.date(2018, 11, 3), 'gf': 1, 'ga': 3, 'venue': 'ha'}, {'date': datetime.date(2018, 8, 12), 'gf': 6, 'ga': 1, 'venue': 'hh'}, {'date': datetime.date(2017, 10, 28), 'gf': 1, 'ga': 4, 'venue': 'hh'}, {'date': datetime.date(2017, 7, 22), 'gf': 0, 'ga': 1, 'venue': 'ha'}, {'date': datetime.date(2016, 5, 14), 'gf': 0, 'ga': 1, 'venue': 'ha'}, {'date': datetime.date(2016, 2, 6), 'gf': 0, 'ga': 1, 'venue': 'hh'}, {'date': datetime.date(2015, 9, 13), 'gf': 0, 'ga': 0, 'venue': 'hh'}, {'date': datetime.date(2015, 5, 9), 'gf': 0, 'ga': 2, 'venue': 'ha'}, {'date': datetime.date(2015, 4, 2), 'gf': 1, 'ga': 0, 'venue': 'ha'}]""","""[]""","""[]""",8,3,8,3,1,10,8,17,1.12,0.75,1.0,0.67,0.75,1.75,0.67,2.33,2.0,2.0,0.88,0.0,1,1,0,1,1,1,2,2,2,2,1,0,76,43,24,33,2.57,1.37,1.2,72,71,49,70,50,29,1.95,3.5,3.5,1.28,1.8,1.28,3.5,1.9,1.9,3.25,1.33,1.72,2.0,37,32,31,59,41,60,40,41,59,26,74,41,2.0
